{
    "format_version": "1.12.0",
    "minecraft:geometry": [
        {
            "description": {
                "identifier": "geometry.ChineseMythology.TheLotusPrincePrinceNezha",
                "texture_width": 64,
                "texture_height": 64
            },
            "bones": [
                {
                    "name": "root",
                    "pivot": [
                        0,
                        0,
                        0
                    ]
                },
                {
                    "name": "body",
                    "parent": "waist",
                    "pivot": [
                        0,
                        24,
                        0
                    ],
                    "cubes": [
                        {
                            "origin": [
                                -4,
                                14,
                                -2
                            ],
                            "size": [
                                8,
                                10,
                                4
                            ],
                            "uv": [
                                16,
                                16
                            ]
                        }
                    ]
                },
                {
                    "name": "waist",
                    "parent": "root",
                    "pivot": [
                        0,
                        14,
                        0
                    ],
                    "cubes": []
                },
                {
                    "name": "head",
                    "parent": "body",
                    "pivot": [
                        0,
                        24,
                        0
                    ],
                    "cubes": [
                        {
                            "origin": [
                                -4,
                                24,
                                -4
                            ],
                            "size": [
                                8,
                                8,
                                8
                            ],
                            "uv": [
                                0,
                                0
                            ]
                        },
                        {
                            "origin": [
                                -0.5,
                                28,
                                -4.1
                            ],
                            "size": [
                                1,
                                2,
                                1
                            ],
                            "uv": [
                                2,
                                0
                            ]
                        }
                    ]
                },
                {
                    "name": "cape",
                    "pivot": [
                        0,
                        24,
                        3
                    ],
                    "parent": "body"
                },
                {
                    "name": "hat",
                    "parent": "head",
                    "pivot": [
                        0,
                        24,
                        0
                    ],
                    "cubes": [
                        {
                            "origin": [
                                -4,
                                24,
                                -4
                            ],
                            "size": [
                                8,
                                8,
                                8
                            ],
                            "uv": [
                                32,
                                0
                            ],
                            "inflate": 0.5
                        }
                    ]
                },
                {
                    "name": "leftArm",
                    "parent": "body",
                    "pivot": [
                        5,
                        21.5,
                        0
                    ],
                    "cubes": [
                        {
                            "origin": [
                                4,
                                13.5,
                                -2
                            ],
                            "size": [
                                3,
                                10,
                                4
                            ],
                            "uv": [
                                40,
                                16
                            ]
                        }
                    ],
                    "mirror": true
                },
                {
                    "name": "leftSleeve",
                    "parent": "leftArm",
                    "pivot": [
                        5,
                        21.5,
                        0
                    ],
                    "cubes": [
                        {
                            "origin": [
                                4,
                                11.5,
                                -2
                            ],
                            "size": [
                                3,
                                12,
                                4
                            ],
                            "uv": [
                                40,
                                32
                            ],
                            "inflate": 0.25
                        }
                    ],
                    "mirror": true
                },
                {
                    "name": "leftItem",
                    "pivot": [
                        6,
                        15.5,
                        1
                    ],
                    "parent": "leftArm",
                    "cubes": []
                },
                {
                    "name": "rightArm",
                    "parent": "body",
                    "pivot": [
                        -5,
                        21.5,
                        0
                    ],
                    "cubes": [
                        {
                            "origin": [
                                -7,
                                13.5,
                                -2
                            ],
                            "size": [
                                3,
                                10,
                                4
                            ],
                            "uv": [
                                40,
                                16
                            ]
                        }
                    ]
                },
                {
                    "name": "rightSleeve",
                    "parent": "rightArm",
                    "pivot": [
                        -5,
                        21.5,
                        0
                    ],
                    "cubes": [
                        {
                            "origin": [
                                -7,
                                11.5,
                                -2
                            ],
                            "size": [
                                3,
                                12,
                                4
                            ],
                            "uv": [
                                40,
                                32
                            ],
                            "inflate": 0.25
                        }
                    ]
                },
                {
                    "name": "rightItem",
                    "pivot": [
                        -6,
                        15.5,
                        1
                    ],
                    "locators": {
                        "lead_hold": [
                            -6,
                            15,
                            1
                        ]
                    },
                    "parent": "rightArm",
                    "cubes": []
                },
                {
                    "name": "leftLeg",
                    "parent": "root",
                    "pivot": [
                        1.9,
                        14,
                        0
                    ],
                    "cubes": [
                        {
                            "origin": [
                                -0.1,
                                4,
                                -2
                            ],
                            "size": [
                                4,
                                10,
                                4
                            ],
                            "uv": [
                                0,
                                16
                            ]
                        }
                    ],
                    "mirror": true
                },
                {
                    "name": "rightLeg",
                    "parent": "root",
                    "pivot": [
                        -1.9,
                        14,
                        0
                    ],
                    "cubes": [
                        {
                            "origin": [
                                -3.9,
                                4,
                                -2
                            ],
                            "size": [
                                4,
                                10,
                                4
                            ],
                            "uv": [
                                0,
                                16
                            ]
                        }
                    ]
                },
                {
                    "name": "jacket",
                    "parent": "body",
                    "pivot": [
                        0,
                        24,
                        0
                    ],
                    "cubes": [
                        {
                            "origin": [
                                -4,
                                12,
                                -2
                            ],
                            "size": [
                                8,
                                12,
                                4
                            ],
                            "uv": [
                                16,
                                32
                            ],
                            "inflate": 0.25
                        }
                    ]
                },
                {
                    "name": "leftPants",
                    "parent": "leftLeg",
                    "pivot": [
                        1.9,
                        14,
                        0
                    ],
                    "cubes": [
                        {
                            "origin": [
                                -0.1,
                                2,
                                -2
                            ],
                            "size": [
                                4,
                                12,
                                4
                            ],
                            "uv": [
                                0,
                                32
                            ],
                            "inflate": 0.25
                        }
                    ],
                    "mirror": true
                },
                {
                    "name": "rightPants",
                    "parent": "rightLeg",
                    "pivot": [
                        -1.9,
                        14,
                        0
                    ],
                    "cubes": [
                        {
                            "origin": [
                                -3.9,
                                2,
                                -2
                            ],
                            "size": [
                                4,
                                12,
                                4
                            ],
                            "uv": [
                                0,
                                32
                            ],
                            "inflate": 0.25
                        }
                    ]
                },
                {
                    "name": "helmet",
                    "parent": "head",
                    "pivot": [
                        0,
                        24,
                        0
                    ],
                    "cubes": [
                        {
                            "origin": [
                                -6,
                                28.9,
                                0.9
                            ],
                            "size": [
                                3,
                                4,
                                4
                            ],
                            "uv": [
                                0,
                                48
                            ]
                        },
                        {
                            "origin": [
                                3,
                                28.9,
                                0.9
                            ],
                            "size": [
                                3,
                                4,
                                4
                            ],
                            "uv": [
                                0,
                                48
                            ]
                        }
                    ],
                    "mirror": true
                },
                {
                    "name": "leftBoot",
                    "parent": "leftLeg",
                    "pivot": [
                        1.9,
                        14,
                        0
                    ],
                    "cubes": [
                        {
                            "origin": [
                                0.9,
                                0,
                                -1.9
                            ],
                            "size": [
                                2,
                                4,
                                4
                            ],
                            "uv": [
                                24,
                                0
                            ]
                        },
                        {
                            "origin": [
                                0.9,
                                2,
                                2.1
                            ],
                            "size": [
                                2,
                                2,
                                2
                            ],
                            "uv": [
                                12,
                                32
                            ]
                        },
                        {
                            "origin": [
                                0.9,
                                3,
                                4.1
                            ],
                            "size": [
                                1,
                                2,
                                1
                            ],
                            "uv": [
                                36,
                                32
                            ]
                        },
                        {
                            "origin": [
                                1.9,
                                4,
                                5.1
                            ],
                            "size": [
                                1,
                                2,
                                1
                            ],
                            "uv": [
                                36,
                                32
                            ]
                        }
                    ]
                },
                {
                    "name": "rightBoot",
                    "parent": "rightLeg",
                    "pivot": [
                        -1.9,
                        14,
                        0
                    ],
                    "cubes": [
                        {
                            "origin": [
                                -2.9,
                                0,
                                -1.9
                            ],
                            "size": [
                                2,
                                4,
                                4
                            ],
                            "uv": [
                                24,
                                0
                            ]
                        },
                        {
                            "origin": [
                                -2.9,
                                2,
                                2.1
                            ],
                            "size": [
                                2,
                                2,
                                2
                            ],
                            "uv": [
                                12,
                                32
                            ]
                        },
                        {
                            "origin": [
                                -1.9,
                                3,
                                4.1
                            ],
                            "size": [
                                1,
                                2,
                                1
                            ],
                            "uv": [
                                36,
                                32
                            ]
                        },
                        {
                            "origin": [
                                -2.9,
                                4,
                                5.1
                            ],
                            "size": [
                                1,
                                2,
                                1
                            ],
                            "uv": [
                                36,
                                32
                            ]
                        }
                    ]
                },
                {
                    "name": "bodyArmor",
                    "parent": "body",
                    "pivot": [
                        0,
                        24,
                        0
                    ],
                    "cubes": []
                },
                {
                    "name": "leftBootArmorOffset",
                    "parent": "leftLeg",
                    "pivot": [
                        1.9,
                        13,
                        0
                    ],
                    "cubes": []
                },
                {
                    "name": "rightBootArmorOffset",
                    "parent": "rightLeg",
                    "pivot": [
                        -1.9,
                        13,
                        0
                    ],
                    "cubes": []
                },
                {
                    "name": "belt",
                    "parent": "body",
                    "pivot": [
                        0,
                        24,
                        0
                    ],
                    "cubes": [
                        {
                            "origin": [
                                1,
                                17,
                                4
                            ],
                            "size": [
                                2,
                                2,
                                1
                            ],
                            "uv": [
                                50,
                                33
                            ]
                        },
                        {
                            "origin": [
                                -2,
                                16,
                                3
                            ],
                            "size": [
                                2,
                                2,
                                1
                            ],
                            "uv": [
                                56,
                                16
                            ]
                        },
                        {
                            "origin": [
                                0,
                                16,
                                3
                            ],
                            "size": [
                                2,
                                2,
                                1
                            ],
                            "uv": [
                                56,
                                16
                            ]
                        },
                        {
                            "origin": [
                                -1,
                                15,
                                2
                            ],
                            "size": [
                                2,
                                2,
                                1
                            ],
                            "uv": [
                                56,
                                16
                            ]
                        },
                        {
                            "origin": [
                                -3,
                                17,
                                4
                            ],
                            "size": [
                                2.000001,
                                2,
                                1
                            ],
                            "uv": [
                                50,
                                33
                            ]
                        },
                        {
                            "origin": [
                                -5,
                                18,
                                4
                            ],
                            "size": [
                                2,
                                2,
                                1
                            ],
                            "uv": [
                                50,
                                16
                            ]
                        },
                        {
                            "origin": [
                                -6,
                                20,
                                4
                            ],
                            "size": [
                                2,
                                2,
                                1
                            ],
                            "uv": [
                                54,
                                19
                            ]
                        },
                        {
                            "origin": [
                                -7,
                                22,
                                4
                            ],
                            "size": [
                                2,
                                3,
                                1
                            ],
                            "uv": [
                                54,
                                36
                            ]
                        },
                        {
                            "origin": [
                                3,
                                18,
                                4
                            ],
                            "size": [
                                2,
                                2,
                                1
                            ],
                            "uv": [
                                50,
                                16
                            ]
                        },
                        {
                            "origin": [
                                4,
                                20,
                                4
                            ],
                            "size": [
                                2,
                                2,
                                1
                            ],
                            "uv": [
                                54,
                                19
                            ]
                        },
                        {
                            "origin": [
                                5,
                                22,
                                4
                            ],
                            "size": [
                                2,
                                3,
                                1
                            ],
                            "uv": [
                                54,
                                36
                            ]
                        },
                        {
                            "origin": [
                                5,
                                24,
                                3
                            ],
                            "size": [
                                2,
                                2,
                                1
                            ],
                            "uv": [
                                54,
                                24
                            ]
                        },
                        {
                            "origin": [
                                5,
                                25,
                                2
                            ],
                            "size": [
                                2,
                                1,
                                1
                            ],
                            "uv": [
                                54,
                                27
                            ]
                        },
                        {
                            "origin": [
                                5,
                                26,
                                1
                            ],
                            "size": [
                                2,
                                1,
                                2
                            ],
                            "uv": [
                                52,
                                30
                            ]
                        },
                        {
                            "origin": [
                                -7,
                                24,
                                3
                            ],
                            "size": [
                                2,
                                2,
                                1
                            ],
                            "uv": [
                                54,
                                24
                            ]
                        },
                        {
                            "origin": [
                                -7,
                                26,
                                1
                            ],
                            "size": [
                                2,
                                1,
                                2
                            ],
                            "uv": [
                                52,
                                30
                            ]
                        },
                        {
                            "origin": [
                                -7,
                                25,
                                2
                            ],
                            "size": [
                                2,
                                1,
                                1
                            ],
                            "uv": [
                                54,
                                27
                            ]
                        }
                    ],
                    "mirror": true
                }
            ]
        }
    ]
}