{
    "format_version": "1.12.0",
    "minecraft:geometry": [
        {
            "description": {
                "identifier": "geometry.ChineseMythology.ChineseOperaTan",
                "texture_width": 64,
                "texture_height": 64
            },
            "bones": [
                {
                    "name": "root",
                    "pivot": [
                        0,
                        0,
                        0
                    ]
                },
                {
                    "name": "body",
                    "parent": "waist",
                    "pivot": [
                        0,
                        24,
                        0
                    ],
                    "cubes": [
                        {
                            "origin": [
                                -4,
                                12,
                                -2
                            ],
                            "size": [
                                8,
                                12,
                                4
                            ],
                            "uv": [
                                16,
                                16
                            ]
                        }
                    ]
                },
                {
                    "name": "waist",
                    "parent": "root",
                    "pivot": [
                        0,
                        12,
                        0
                    ],
                    "cubes": []
                },
                {
                    "name": "head",
                    "parent": "body",
                    "pivot": [
                        0,
                        24,
                        0
                    ],
                    "cubes": [
                        {
                            "origin": [
                                -4,
                                24,
                                -4
                            ],
                            "size": [
                                8,
                                8,
                                8
                            ],
                            "uv": [
                                0,
                                0
                            ]
                        }
                    ],
                    "mirror": true
                },
                {
                    "name": "cape",
                    "pivot": [
                        0,
                        24,
                        3
                    ],
                    "parent": "body"
                },
                {
                    "name": "hat",
                    "parent": "head",
                    "pivot": [
                        0,
                        24,
                        0
                    ],
                    "cubes": []
                },
                {
                    "name": "leftArm",
                    "parent": "body",
                    "pivot": [
                        5,
                        21.5,
                        0
                    ],
                    "cubes": [
                        {
                            "origin": [
                                4,
                                11.5,
                                -2
                            ],
                            "size": [
                                3,
                                12,
                                4
                            ],
                            "uv": [
                                32,
                                48
                            ]
                        }
                    ]
                },
                {
                    "name": "leftSleeve",
                    "parent": "leftArm",
                    "pivot": [
                        5,
                        21.5,
                        0
                    ],
                    "cubes": [
                        {
                            "origin": [
                                4,
                                11.5,
                                -2
                            ],
                            "size": [
                                3,
                                12,
                                4
                            ],
                            "uv": [
                                48,
                                48
                            ],
                            "inflate": 0.25
                        }
                    ]
                },
                {
                    "name": "leftItem",
                    "pivot": [
                        6,
                        14.5,
                        1
                    ],
                    "parent": "leftArm",
                    "cubes": []
                },
                {
                    "name": "rightArm",
                    "parent": "body",
                    "pivot": [
                        -5,
                        21.5,
                        0
                    ],
                    "cubes": [
                        {
                            "origin": [
                                -7,
                                11.5,
                                -2
                            ],
                            "size": [
                                3,
                                12,
                                4
                            ],
                            "uv": [
                                40,
                                16
                            ]
                        }
                    ]
                },
                {
                    "name": "rightSleeve",
                    "parent": "rightArm",
                    "pivot": [
                        -5,
                        21.5,
                        0
                    ],
                    "cubes": [
                        {
                            "origin": [
                                -7,
                                11.5,
                                -2
                            ],
                            "size": [
                                3,
                                12,
                                4
                            ],
                            "uv": [
                                40,
                                32
                            ],
                            "inflate": 0.25
                        }
                    ]
                },
                {
                    "name": "rightItem",
                    "pivot": [
                        -6,
                        14.5,
                        1
                    ],
                    "locators": {
                        "lead_hold": [
                            -6,
                            15,
                            1
                        ]
                    },
                    "parent": "rightArm",
                    "cubes": []
                },
                {
                    "name": "leftLeg",
                    "parent": "root",
                    "pivot": [
                        1.9,
                        12,
                        0
                    ],
                    "cubes": [
                        {
                            "origin": [
                                -0.1,
                                0,
                                -2
                            ],
                            "size": [
                                4,
                                12,
                                4
                            ],
                            "uv": [
                                16,
                                48
                            ]
                        }
                    ]
                },
                {
                    "name": "rightLeg",
                    "parent": "root",
                    "pivot": [
                        -1.9,
                        12,
                        0
                    ],
                    "cubes": [
                        {
                            "origin": [
                                -3.9,
                                0,
                                -2
                            ],
                            "size": [
                                4,
                                12,
                                4
                            ],
                            "uv": [
                                0,
                                16
                            ]
                        }
                    ]
                },
                {
                    "name": "jacket",
                    "parent": "body",
                    "pivot": [
                        0,
                        24,
                        0
                    ],
                    "cubes": [
                        {
                            "origin": [
                                -4,
                                12,
                                -2
                            ],
                            "size": [
                                8,
                                12,
                                4
                            ],
                            "uv": [
                                16,
                                32
                            ],
                            "inflate": 0.25
                        }
                    ]
                },
                {
                    "name": "leftPants",
                    "parent": "leftLeg",
                    "pivot": [
                        1.9,
                        12,
                        0
                    ],
                    "cubes": [
                        {
                            "origin": [
                                -0.1,
                                0,
                                -2
                            ],
                            "size": [
                                4,
                                12,
                                4
                            ],
                            "uv": [
                                0,
                                48
                            ],
                            "inflate": 0.25
                        }
                    ]
                },
                {
                    "name": "rightPants",
                    "parent": "rightLeg",
                    "pivot": [
                        -1.9,
                        12,
                        0
                    ],
                    "cubes": [
                        {
                            "origin": [
                                -3.9,
                                0,
                                -2
                            ],
                            "size": [
                                4,
                                12,
                                4
                            ],
                            "uv": [
                                0,
                                32
                            ],
                            "inflate": 0.25
                        }
                    ]
                },
                {
                    "name": "helmet",
                    "parent": "head",
                    "pivot": [
                        0,
                        24,
                        0
                    ],
                    "cubes": [
                        {
                            "origin": [
                                -6,
                                32,
                                -1
                            ],
                            "size": [
                                6,
                                3,
                                1
                            ],
                            "uv": [
                                24,
                                0
                            ]
                        },
                        {
                            "origin": [
                                -3,
                                31.5,
                                -3
                            ],
                            "size": [
                                1,
                                1,
                                2
                            ],
                            "uv": [
                                12,
                                17
                            ]
                        },
                        {
                            "origin": [
                                2,
                                31.5,
                                -3
                            ],
                            "size": [
                                1,
                                1,
                                2
                            ],
                            "uv": [
                                12,
                                17
                            ]
                        },
                        {
                            "origin": [
                                -1,
                                32,
                                -1.5
                            ],
                            "size": [
                                2,
                                2,
                                1
                            ],
                            "uv": [
                                12,
                                33
                            ]
                        },
                        {
                            "origin": [
                                -3,
                                32,
                                0
                            ],
                            "size": [
                                3,
                                1,
                                3
                            ],
                            "uv": [
                                44,
                                1
                            ]
                        },
                        {
                            "origin": [
                                0,
                                32,
                                0
                            ],
                            "size": [
                                3,
                                1,
                                3
                            ],
                            "uv": [
                                44,
                                1
                            ]
                        },
                        {
                            "origin": [
                                -2,
                                33,
                                0
                            ],
                            "size": [
                                4,
                                -1,
                                2
                            ],
                            "uv": [
                                47,
                                6
                            ]
                        },
                        {
                            "origin": [
                                -7,
                                27,
                                -1
                            ],
                            "size": [
                                3,
                                5,
                                1
                            ],
                            "uv": [
                                56,
                                0
                            ]
                        },
                        {
                            "origin": [
                                -7,
                                25,
                                -1
                            ],
                            "size": [
                                2,
                                2,
                                1
                            ],
                            "uv": [
                                38,
                                17
                            ]
                        },
                        {
                            "origin": [
                                5,
                                25,
                                -1
                            ],
                            "size": [
                                2,
                                2,
                                1
                            ],
                            "uv": [
                                38,
                                17
                            ]
                        },
                        {
                            "origin": [
                                4,
                                27,
                                -1
                            ],
                            "size": [
                                3,
                                5,
                                1
                            ],
                            "uv": [
                                56,
                                0
                            ]
                        },
                        {
                            "origin": [
                                0,
                                32,
                                -1
                            ],
                            "size": [
                                6,
                                3,
                                1
                            ],
                            "uv": [
                                24,
                                0
                            ]
                        },
                        {
                            "origin": [
                                0,
                                35,
                                -1
                            ],
                            "size": [
                                4,
                                2,
                                1
                            ],
                            "uv": [
                                24,
                                4
                            ]
                        },
                        {
                            "origin": [
                                -4,
                                35,
                                -1
                            ],
                            "size": [
                                4,
                                2,
                                1
                            ],
                            "uv": [
                                24,
                                4
                            ]
                        },
                        {
                            "origin": [
                                -1.5,
                                37,
                                -2
                            ],
                            "size": [
                                3,
                                3,
                                3
                            ],
                            "uv": [
                                35,
                                2
                            ]
                        },
                        {
                            "origin": [
                                3,
                                36,
                                -2
                            ],
                            "size": [
                                3,
                                3,
                                3
                            ],
                            "uv": [
                                35,
                                2
                            ]
                        },
                        {
                            "origin": [
                                -6,
                                36,
                                -2
                            ],
                            "size": [
                                3,
                                3,
                                3
                            ],
                            "uv": [
                                35,
                                2
                            ]
                        },
                        {
                            "origin": [
                                -4,
                                35,
                                2
                            ],
                            "size": [
                                3,
                                3,
                                3
                            ],
                            "uv": [
                                35,
                                2
                            ]
                        },
                        {
                            "origin": [
                                1,
                                35,
                                2
                            ],
                            "size": [
                                3,
                                3,
                                3
                            ],
                            "uv": [
                                35,
                                2
                            ]
                        },
                        {
                            "origin": [
                                -5.05,
                                16,
                                5
                            ],
                            "size": [
                                0,
                                17,
                                3
                            ],
                            "uv": [
                                54,
                                16
                            ]
                        },
                        {
                            "origin": [
                                5.05,
                                16,
                                5
                            ],
                            "size": [
                                0,
                                17,
                                3
                            ],
                            "uv": [
                                54,
                                16
                            ]
                        },
                        {
                            "origin": [
                                -5,
                                32,
                                3
                            ],
                            "size": [
                                0,
                                3,
                                5
                            ],
                            "uv": [
                                50,
                                11
                            ]
                        },
                        {
                            "origin": [
                                5,
                                32,
                                3
                            ],
                            "size": [
                                0,
                                3,
                                5
                            ],
                            "uv": [
                                50,
                                11
                            ]
                        },
                        {
                            "origin": [
                                5.05,
                                31,
                                0
                            ],
                            "size": [
                                0,
                                4,
                                4
                            ],
                            "uv": [
                                32,
                                8
                            ]
                        },
                        {
                            "origin": [
                                -5.05,
                                31,
                                0
                            ],
                            "size": [
                                0,
                                4,
                                4
                            ],
                            "uv": [
                                32,
                                8
                            ]
                        },
                        {
                            "origin": [
                                2,
                                32,
                                3
                            ],
                            "size": [
                                1,
                                3,
                                1
                            ],
                            "uv": [
                                0,
                                16
                            ]
                        },
                        {
                            "origin": [
                                -3,
                                32,
                                3
                            ],
                            "size": [
                                1,
                                3,
                                1
                            ],
                            "uv": [
                                0,
                                16
                            ]
                        },
                        {
                            "origin": [
                                0,
                                34,
                                1.5
                            ],
                            "size": [
                                8,
                                8,
                                0
                            ],
                            "uv": [
                                40,
                                8
                            ]
                        },
                        {
                            "origin": [
                                -8,
                                34,
                                1.5
                            ],
                            "size": [
                                8,
                                8,
                                0
                            ],
                            "uv": [
                                40,
                                8
                            ]
                        },
                        {
                            "origin": [
                                -1.5,
                                21,
                                -4
                            ],
                            "size": [
                                3,
                                3,
                                3
                            ],
                            "uv": [
                                35,
                                2
                            ]
                        }
                    ],
                    "mirror": true
                }
            ]
        }
    ]
}