{
    "format_version": "1.12.0",
    "minecraft:geometry": [
        {
            "description": {
                "identifier": "geometry.MashupAdventureTime.KingofOoo",
                "texture_width": 64,
                "texture_height": 64
            },
            "bones": [
                {
                    "name": "root",
                    "pivot": [
                        0,
                        0,
                        0
                    ]
                },
                {
                    "name": "body",
                    "parent": "waist",
                    "pivot": [
                        0,
                        24,
                        0
                    ],
                    "cubes": [
                        {
                            "origin": [
                                -4,
                                12,
                                -2
                            ],
                            "size": [
                                8,
                                12,
                                4
                            ],
                            "uv": [
                                16,
                                16
                            ]
                        }
                    ]
                },
                {
                    "name": "waist",
                    "parent": "root",
                    "pivot": [
                        0,
                        12,
                        0
                    ],
                    "cubes": []
                },
                {
                    "name": "head",
                    "parent": "body",
                    "pivot": [
                        0,
                        24,
                        0
                    ],
                    "cubes": [
                        {
                            "origin": [
                                -4,
                                24,
                                -4
                            ],
                            "size": [
                                8,
                                8,
                                8
                            ],
                            "uv": [
                                0,
                                0
                            ]
                        }
                    ]
                },
                {
                    "name": "cape",
                    "pivot": [
                        0,
                        24,
                        3
                    ],
                    "parent": "body"
                },
                {
                    "name": "hat",
                    "parent": "head",
                    "pivot": [
                        0,
                        24,
                        0
                    ],
                    "cubes": [
                        {
                            "origin": [
                                -4,
                                24,
                                -4
                            ],
                            "size": [
                                8,
                                8,
                                8
                            ],
                            "uv": [
                                32,
                                0
                            ],
                            "inflate": 0.5
                        }
                    ]
                },
                {
                    "name": "leftArm",
                    "parent": "body",
                    "pivot": [
                        5,
                        22,
                        0
                    ],
                    "cubes": [
                        {
                            "origin": [
                                4,
                                12,
                                -2
                            ],
                            "size": [
                                4,
                                12,
                                4
                            ],
                            "uv": [
                                32,
                                48
                            ]
                        }
                    ]
                },
                {
                    "name": "leftSleeve",
                    "parent": "leftArm",
                    "pivot": [
                        5,
                        22,
                        0
                    ],
                    "cubes": []
                },
                {
                    "name": "leftItem",
                    "pivot": [
                        6,
                        15,
                        1
                    ],
                    "parent": "leftArm",
                    "cubes": []
                },
                {
                    "name": "rightArm",
                    "parent": "body",
                    "pivot": [
                        -5,
                        22,
                        0
                    ],
                    "cubes": [
                        {
                            "origin": [
                                -8,
                                12,
                                -2
                            ],
                            "size": [
                                4,
                                12,
                                4
                            ],
                            "uv": [
                                40,
                                16
                            ]
                        }
                    ]
                },
                {
                    "name": "rightSleeve",
                    "parent": "rightArm",
                    "pivot": [
                        -5,
                        22,
                        0
                    ],
                    "cubes": []
                },
                {
                    "name": "rightItem",
                    "pivot": [
                        -6,
                        15,
                        1
                    ],
                    "locators": {
                        "lead_hold": [
                            -6,
                            15,
                            1
                        ]
                    },
                    "parent": "rightArm",
                    "cubes": []
                },
                {
                    "name": "leftLeg",
                    "parent": "root",
                    "pivot": [
                        1.9,
                        12,
                        0
                    ],
                    "cubes": [
                        {
                            "origin": [
                                -0.1,
                                0,
                                -2
                            ],
                            "size": [
                                4,
                                12,
                                4
                            ],
                            "uv": [
                                16,
                                48
                            ]
                        }
                    ]
                },
                {
                    "name": "rightLeg",
                    "parent": "root",
                    "pivot": [
                        -1.9,
                        12,
                        0
                    ],
                    "cubes": [
                        {
                            "origin": [
                                -3.9,
                                0,
                                -2
                            ],
                            "size": [
                                4,
                                12,
                                4
                            ],
                            "uv": [
                                0,
                                16
                            ]
                        }
                    ]
                },
                {
                    "name": "jacket",
                    "parent": "body",
                    "pivot": [
                        0,
                        24,
                        0
                    ],
                    "cubes": [
                        {
                            "origin": [
                                -4,
                                12,
                                -2
                            ],
                            "size": [
                                8,
                                12,
                                4
                            ],
                            "uv": [
                                16,
                                32
                            ],
                            "inflate": 0.25
                        }
                    ]
                },
                {
                    "name": "leftPants",
                    "parent": "leftLeg",
                    "pivot": [
                        1.9,
                        12,
                        0
                    ],
                    "cubes": [
                        {
                            "origin": [
                                -0.1,
                                0,
                                -2
                            ],
                            "size": [
                                4,
                                12,
                                4
                            ],
                            "uv": [
                                0,
                                48
                            ],
                            "inflate": 0.25
                        }
                    ]
                },
                {
                    "name": "rightPants",
                    "parent": "rightLeg",
                    "pivot": [
                        -1.9,
                        12,
                        0
                    ],
                    "cubes": [
                        {
                            "origin": [
                                -3.9,
                                0,
                                -2
                            ],
                            "size": [
                                4,
                                12,
                                4
                            ],
                            "uv": [
                                0,
                                32
                            ],
                            "inflate": 0.25
                        }
                    ]
                },
                {
                    "name": "helmet",
                    "parent": "head",
                    "pivot": [
                        0,
                        24,
                        0
                    ],
                    "cubes": [
                        {
                            "origin": [
                                4.5,
                                25,
                                -3
                            ],
                            "size": [
                                1,
                                4,
                                6
                            ],
                            "uv": [
                                48,
                                50
                            ]
                        },
                        {
                            "origin": [
                                -5.5,
                                25,
                                -3
                            ],
                            "size": [
                                1,
                                4,
                                6
                            ],
                            "uv": [
                                48,
                                50
                            ]
                        },
                        {
                            "origin": [
                                -4.5,
                                32.5,
                                -4.5
                            ],
                            "size": [
                                5,
                                2,
                                0
                            ],
                            "uv": [
                                44,
                                50
                            ]
                        },
                        {
                            "origin": [
                                -4.5,
                                32.5,
                                4.5
                            ],
                            "size": [
                                5,
                                2,
                                0
                            ],
                            "uv": [
                                54,
                                44
                            ]
                        },
                        {
                            "origin": [
                                0.5,
                                32.5,
                                -4.5
                            ],
                            "size": [
                                4,
                                2,
                                0
                            ],
                            "uv": [
                                45,
                                50
                            ]
                        },
                        {
                            "origin": [
                                0.5,
                                32.5,
                                4.5
                            ],
                            "size": [
                                4,
                                2,
                                0
                            ],
                            "uv": [
                                55,
                                44
                            ]
                        },
                        {
                            "origin": [
                                -4.5,
                                32.5,
                                -0.5
                            ],
                            "size": [
                                0,
                                2,
                                5
                            ],
                            "uv": [
                                52,
                                27
                            ]
                        },
                        {
                            "origin": [
                                4.5,
                                32.5,
                                -0.5
                            ],
                            "size": [
                                0,
                                2,
                                5
                            ],
                            "uv": [
                                52,
                                29
                            ]
                        },
                        {
                            "origin": [
                                -4.5,
                                32.5,
                                -4.5
                            ],
                            "size": [
                                0,
                                2,
                                4
                            ],
                            "uv": [
                                53,
                                28
                            ]
                        },
                        {
                            "origin": [
                                4.5,
                                32.5,
                                -4.5
                            ],
                            "size": [
                                0,
                                2,
                                4
                            ],
                            "uv": [
                                53,
                                30
                            ]
                        }
                    ],
                    "mirror": true
                },
                {
                    "name": "rightArmArmor",
                    "parent": "rightArm",
                    "pivot": [
                        -5,
                        22,
                        0
                    ],
                    "cubes": [
                        {
                            "origin": [
                                -9,
                                24,
                                -2
                            ],
                            "size": [
                                3,
                                4,
                                4
                            ],
                            "uv": [
                                24,
                                0
                            ]
                        },
                        {
                            "origin": [
                                -9,
                                28,
                                -1
                            ],
                            "size": [
                                3,
                                1,
                                2
                            ],
                            "uv": [
                                54,
                                41
                            ]
                        },
                        {
                            "origin": [
                                -9,
                                14,
                                -2
                            ],
                            "size": [
                                1,
                                10,
                                4
                            ],
                            "uv": [
                                40,
                                32
                            ]
                        }
                    ]
                },
                {
                    "name": "leftArmArmor",
                    "parent": "leftArm",
                    "pivot": [
                        5,
                        22,
                        0
                    ],
                    "cubes": [
                        {
                            "origin": [
                                6,
                                24,
                                -2
                            ],
                            "size": [
                                3,
                                4,
                                4
                            ],
                            "uv": [
                                24,
                                0
                            ]
                        },
                        {
                            "origin": [
                                6,
                                28,
                                -1
                            ],
                            "size": [
                                3,
                                1,
                                2
                            ],
                            "uv": [
                                54,
                                41
                            ]
                        },
                        {
                            "origin": [
                                8,
                                14,
                                -2
                            ],
                            "size": [
                                1,
                                10,
                                4
                            ],
                            "uv": [
                                40,
                                32
                            ]
                        }
                    ],
                    "mirror": true
                }
            ]
        }
    ]
}