{
    "format_version": "1.12.0",
    "minecraft:geometry": [
        {
            "description": {
                "identifier": "geometry.GreekMythology.Satyr",
                "texture_width": 64,
                "texture_height": 64
            },
            "bones": [
                {
                    "name": "root",
                    "pivot": [
                        0,
                        0,
                        0
                    ]
                },
                {
                    "name": "body",
                    "parent": "waist",
                    "pivot": [
                        0,
                        24,
                        0
                    ],
                    "cubes": [
                        {
                            "origin": [
                                -4,
                                12,
                                -2
                            ],
                            "size": [
                                8,
                                12,
                                4
                            ],
                            "uv": [
                                16,
                                16
                            ]
                        }
                    ]
                },
                {
                    "name": "waist",
                    "parent": "root",
                    "pivot": [
                        0,
                        12,
                        0
                    ],
                    "cubes": []
                },
                {
                    "name": "head",
                    "parent": "body",
                    "pivot": [
                        0,
                        24,
                        0
                    ],
                    "cubes": [
                        {
                            "origin": [
                                -4,
                                24,
                                -4
                            ],
                            "size": [
                                8,
                                8,
                                8
                            ],
                            "uv": [
                                0,
                                0
                            ]
                        }
                    ]
                },
                {
                    "name": "cape",
                    "pivot": [
                        0,
                        24,
                        3
                    ],
                    "parent": "body"
                },
                {
                    "name": "hat",
                    "parent": "head",
                    "pivot": [
                        0,
                        24,
                        0
                    ],
                    "cubes": []
                },
                {
                    "name": "leftArm",
                    "parent": "body",
                    "pivot": [
                        5,
                        22,
                        0
                    ],
                    "cubes": [
                        {
                            "origin": [
                                4,
                                12,
                                -2
                            ],
                            "size": [
                                4,
                                12,
                                4
                            ],
                            "uv": [
                                32,
                                48
                            ]
                        }
                    ]
                },
                {
                    "name": "leftSleeve",
                    "parent": "leftArm",
                    "pivot": [
                        5,
                        22,
                        0
                    ],
                    "cubes": [
                        {
                            "origin": [
                                4,
                                12,
                                -2
                            ],
                            "size": [
                                4,
                                12,
                                4
                            ],
                            "uv": [
                                48,
                                48
                            ],
                            "inflate": 0.25
                        }
                    ]
                },
                {
                    "name": "leftItem",
                    "pivot": [
                        6,
                        15,
                        1
                    ],
                    "parent": "leftArm",
                    "cubes": []
                },
                {
                    "name": "rightArm",
                    "parent": "body",
                    "pivot": [
                        -5,
                        22,
                        0
                    ],
                    "cubes": [
                        {
                            "origin": [
                                -8,
                                12,
                                -2
                            ],
                            "size": [
                                4,
                                12,
                                4
                            ],
                            "uv": [
                                40,
                                16
                            ]
                        }
                    ]
                },
                {
                    "name": "rightSleeve",
                    "parent": "rightArm",
                    "pivot": [
                        -5,
                        22,
                        0
                    ],
                    "cubes": [
                        {
                            "origin": [
                                -8,
                                12,
                                -2
                            ],
                            "size": [
                                4,
                                12,
                                4
                            ],
                            "uv": [
                                40,
                                32
                            ],
                            "inflate": 0.25
                        }
                    ]
                },
                {
                    "name": "rightItem",
                    "pivot": [
                        -6,
                        15,
                        1
                    ],
                    "locators": {
                        "lead_hold": [
                            -6,
                            15,
                            1
                        ]
                    },
                    "parent": "rightArm",
                    "cubes": []
                },
                {
                    "name": "leftLeg",
                    "parent": "root",
                    "pivot": [
                        1.9,
                        12,
                        0
                    ],
                    "cubes": [
                        {
                            "origin": [
                                -0.1,
                                0,
                                -2
                            ],
                            "size": [
                                4,
                                12,
                                4
                            ],
                            "uv": [
                                16,
                                48
                            ]
                        },
                        {
                            "origin": [
                                -0.00091,
                                3,
                                -2.00032
                            ],
                            "size": [
                                4,
                                3,
                                3
                            ],
                            "uv": [
                                47,
                                3
                            ]
                        },
                        {
                            "origin": [
                                -0.00173,
                                3,
                                0.99996
                            ],
                            "size": [
                                4,
                                3,
                                1
                            ],
                            "uv": [
                                49,
                                5
                            ]
                        },
                        {
                            "origin": [
                                -0.00012,
                                -7.0e-5,
                                -1.00006
                            ],
                            "size": [
                                4,
                                3,
                                3
                            ],
                            "uv": [
                                25,
                                2
                            ]
                        }
                    ]
                },
                {
                    "name": "rightLeg",
                    "parent": "root",
                    "pivot": [
                        -1.9,
                        12,
                        0
                    ],
                    "cubes": [
                        {
                            "origin": [
                                -3.9,
                                0,
                                -2
                            ],
                            "size": [
                                4,
                                12,
                                4
                            ],
                            "uv": [
                                0,
                                16
                            ]
                        },
                        {
                            "origin": [
                                -4.00035,
                                3,
                                -2.0001
                            ],
                            "size": [
                                4,
                                3,
                                3
                            ],
                            "uv": [
                                47,
                                3
                            ]
                        },
                        {
                            "origin": [
                                -4.00175,
                                3,
                                1
                            ],
                            "size": [
                                4,
                                3,
                                1
                            ],
                            "uv": [
                                49,
                                5
                            ]
                        },
                        {
                            "origin": [
                                -3.90009,
                                -5.0e-5,
                                -1.00005
                            ],
                            "size": [
                                4,
                                3,
                                3
                            ],
                            "uv": [
                                25,
                                2
                            ]
                        }
                    ],
                    "mirror": true
                },
                {
                    "name": "jacket",
                    "parent": "body",
                    "pivot": [
                        0,
                        24,
                        0
                    ],
                    "cubes": [
                        {
                            "origin": [
                                -4,
                                12,
                                -2
                            ],
                            "size": [
                                8,
                                12,
                                4
                            ],
                            "uv": [
                                16,
                                32
                            ],
                            "inflate": 0.25
                        }
                    ]
                },
                {
                    "name": "leftPants",
                    "parent": "leftLeg",
                    "pivot": [
                        1.9,
                        12,
                        0
                    ],
                    "cubes": [
                        {
                            "origin": [
                                -0.1,
                                0,
                                -2
                            ],
                            "size": [
                                4,
                                12,
                                4
                            ],
                            "uv": [
                                0,
                                48
                            ],
                            "inflate": 0.25
                        }
                    ]
                },
                {
                    "name": "rightPants",
                    "parent": "rightLeg",
                    "pivot": [
                        -1.9,
                        12,
                        0
                    ],
                    "cubes": [
                        {
                            "origin": [
                                -3.9,
                                0,
                                -2
                            ],
                            "size": [
                                4,
                                12,
                                4
                            ],
                            "uv": [
                                0,
                                32
                            ],
                            "inflate": 0.25
                        }
                    ]
                },
                {
                    "name": "rightLegging",
                    "parent": "rightLeg",
                    "pivot": [
                        -1.9,
                        12,
                        0
                    ],
                    "cubes": [
                        {
                            "origin": [
                                -4,
                                -0.00023,
                                1.875
                            ],
                            "size": [
                                4,
                                3,
                                1
                            ],
                            "uv": [
                                34,
                                10
                            ]
                        }
                    ]
                },
                {
                    "name": "leftSock",
                    "parent": "leftLeg",
                    "pivot": [
                        1.9,
                        12,
                        0
                    ],
                    "cubes": []
                },
                {
                    "name": "rightSock",
                    "parent": "rightLeg",
                    "pivot": [
                        -1.9,
                        12,
                        0
                    ],
                    "cubes": []
                },
                {
                    "name": "leftLegging",
                    "parent": "leftLeg",
                    "pivot": [
                        1.9,
                        12,
                        0
                    ],
                    "cubes": [
                        {
                            "origin": [
                                0,
                                -4.0e-5,
                                2
                            ],
                            "size": [
                                4,
                                3,
                                1
                            ],
                            "uv": [
                                34,
                                10
                            ]
                        }
                    ],
                    "mirror": true
                },
                {
                    "name": "helmet",
                    "parent": "head",
                    "pivot": [
                        0,
                        24,
                        0
                    ],
                    "cubes": [
                        {
                            "origin": [
                                -3,
                                32,
                                -3
                            ],
                            "size": [
                                2,
                                3,
                                2
                            ],
                            "uv": [
                                56,
                                21
                            ]
                        },
                        {
                            "origin": [
                                -4,
                                33,
                                -1
                            ],
                            "size": [
                                2,
                                2,
                                4
                            ],
                            "uv": [
                                52,
                                14
                            ]
                        },
                        {
                            "origin": [
                                -5.1,
                                32,
                                1
                            ],
                            "size": [
                                2,
                                2,
                                2
                            ],
                            "uv": [
                                56,
                                21
                            ]
                        },
                        {
                            "origin": [
                                1,
                                32,
                                -3
                            ],
                            "size": [
                                2,
                                3,
                                2
                            ],
                            "uv": [
                                56,
                                21
                            ]
                        },
                        {
                            "origin": [
                                2,
                                33,
                                -2
                            ],
                            "size": [
                                2,
                                2,
                                4
                            ],
                            "uv": [
                                52,
                                14
                            ]
                        },
                        {
                            "origin": [
                                3.1,
                                32,
                                1
                            ],
                            "size": [
                                2,
                                2,
                                2
                            ],
                            "uv": [
                                56,
                                21
                            ]
                        },
                        {
                            "origin": [
                                -4.9,
                                31,
                                1
                            ],
                            "size": [
                                1,
                                1,
                                1
                            ],
                            "uv": [
                                58,
                                24
                            ]
                        },
                        {
                            "origin": [
                                3.9,
                                31,
                                1
                            ],
                            "size": [
                                1,
                                1,
                                1
                            ],
                            "uv": [
                                58,
                                24
                            ]
                        }
                    ]
                }
            ]
        }
    ]
}