{
    "format_version": "1.12.0",
    "minecraft:geometry": [
        {
            "description": {
                "identifier": "geometry.FestiveMashup.ChrisCringle",
                "texture_width": 64,
                "texture_height": 64
            },
            "bones": [
                {
                    "name": "root",
                    "pivot": [
                        0,
                        0,
                        0
                    ]
                },
                {
                    "name": "body",
                    "parent": "waist",
                    "pivot": [
                        0,
                        24,
                        0
                    ],
                    "cubes": [
                        {
                            "origin": [
                                -4,
                                12,
                                -2
                            ],
                            "size": [
                                8,
                                12,
                                4
                            ],
                            "uv": [
                                16,
                                16
                            ]
                        }
                    ]
                },
                {
                    "name": "waist",
                    "parent": "root",
                    "pivot": [
                        0,
                        12,
                        0
                    ],
                    "cubes": []
                },
                {
                    "name": "head",
                    "parent": "body",
                    "pivot": [
                        0,
                        24,
                        0
                    ],
                    "cubes": [
                        {
                            "origin": [
                                -4,
                                24,
                                -4
                            ],
                            "size": [
                                8,
                                8,
                                8
                            ],
                            "uv": [
                                0,
                                0
                            ]
                        }
                    ]
                },
                {
                    "name": "cape",
                    "pivot": [
                        0,
                        24,
                        3
                    ],
                    "parent": "body"
                },
                {
                    "name": "hat",
                    "parent": "head",
                    "pivot": [
                        0,
                        24,
                        0
                    ],
                    "cubes": []
                },
                {
                    "name": "leftArm",
                    "parent": "body",
                    "pivot": [
                        5,
                        22,
                        0
                    ],
                    "cubes": [
                        {
                            "origin": [
                                4,
                                12,
                                -2
                            ],
                            "size": [
                                4,
                                12,
                                4
                            ],
                            "uv": [
                                32,
                                48
                            ]
                        }
                    ]
                },
                {
                    "name": "leftSleeve",
                    "parent": "leftArm",
                    "pivot": [
                        5,
                        22,
                        0
                    ],
                    "cubes": [
                        {
                            "origin": [
                                4,
                                12,
                                -2
                            ],
                            "size": [
                                4,
                                12,
                                4
                            ],
                            "uv": [
                                48,
                                48
                            ],
                            "inflate": 0.25
                        }
                    ]
                },
                {
                    "name": "leftItem",
                    "pivot": [
                        6,
                        15,
                        1
                    ],
                    "parent": "leftArm",
                    "cubes": []
                },
                {
                    "name": "rightArm",
                    "parent": "body",
                    "pivot": [
                        -5,
                        22,
                        0
                    ],
                    "cubes": [
                        {
                            "origin": [
                                -8,
                                12,
                                -2
                            ],
                            "size": [
                                4,
                                12,
                                4
                            ],
                            "uv": [
                                40,
                                16
                            ]
                        }
                    ]
                },
                {
                    "name": "rightSleeve",
                    "parent": "rightArm",
                    "pivot": [
                        -5,
                        22,
                        0
                    ],
                    "cubes": [
                        {
                            "origin": [
                                -8,
                                12,
                                -2
                            ],
                            "size": [
                                4,
                                12,
                                4
                            ],
                            "uv": [
                                48,
                                32
                            ],
                            "inflate": 0.25
                        }
                    ]
                },
                {
                    "name": "rightItem",
                    "pivot": [
                        -6,
                        15,
                        1
                    ],
                    "locators": {
                        "lead_hold": [
                            -6,
                            15,
                            1
                        ]
                    },
                    "parent": "rightArm",
                    "cubes": []
                },
                {
                    "name": "leftLeg",
                    "parent": "root",
                    "pivot": [
                        1.9,
                        12,
                        0
                    ],
                    "cubes": [
                        {
                            "origin": [
                                -0.1,
                                0,
                                -2
                            ],
                            "size": [
                                4,
                                12,
                                4
                            ],
                            "uv": [
                                16,
                                48
                            ]
                        }
                    ]
                },
                {
                    "name": "rightLeg",
                    "parent": "root",
                    "pivot": [
                        -1.9,
                        12,
                        0
                    ],
                    "cubes": [
                        {
                            "origin": [
                                -3.9,
                                0,
                                -2
                            ],
                            "size": [
                                4,
                                12,
                                4
                            ],
                            "uv": [
                                0,
                                16
                            ]
                        }
                    ]
                },
                {
                    "name": "jacket",
                    "parent": "body",
                    "pivot": [
                        0,
                        24,
                        0
                    ],
                    "cubes": []
                },
                {
                    "name": "leftPants",
                    "parent": "leftLeg",
                    "pivot": [
                        1.9,
                        12,
                        0
                    ],
                    "cubes": [
                        {
                            "origin": [
                                -0.1,
                                0,
                                -2
                            ],
                            "size": [
                                4,
                                12,
                                4
                            ],
                            "uv": [
                                0,
                                48
                            ],
                            "inflate": 0.25
                        }
                    ]
                },
                {
                    "name": "rightPants",
                    "parent": "rightLeg",
                    "pivot": [
                        -1.9,
                        12,
                        0
                    ],
                    "cubes": [
                        {
                            "origin": [
                                -3.9,
                                0,
                                -2
                            ],
                            "size": [
                                4,
                                12,
                                4
                            ],
                            "uv": [
                                0,
                                32
                            ],
                            "inflate": 0.25
                        }
                    ]
                },
                {
                    "name": "helmet",
                    "parent": "head",
                    "pivot": [
                        0,
                        24,
                        0
                    ],
                    "cubes": [
                        {
                            "origin": [
                                -4.0003,
                                32,
                                -4
                            ],
                            "size": [
                                8.000727,
                                2,
                                8.000011
                            ],
                            "uv": [
                                32,
                                6
                            ]
                        },
                        {
                            "origin": [
                                -1.00014,
                                35,
                                -2.00004
                            ],
                            "size": [
                                5.00014162,
                                1,
                                6.00007963
                            ],
                            "uv": [
                                37,
                                7
                            ]
                        },
                        {
                            "origin": [
                                4,
                                32,
                                1.99986
                            ],
                            "size": [
                                1,
                                4,
                                2.00027084
                            ],
                            "uv": [
                                32,
                                7
                            ]
                        },
                        {
                            "origin": [
                                4,
                                30,
                                2
                            ],
                            "size": [
                                2,
                                2,
                                2
                            ],
                            "uv": [
                                49,
                                1
                            ]
                        },
                        {
                            "origin": [
                                -1.00021,
                                34,
                                -2.00006
                            ],
                            "size": [
                                5.00021124,
                                1,
                                6.00017357
                            ],
                            "uv": [
                                37,
                                7
                            ]
                        }
                    ]
                },
                {
                    "name": "bodyArmor",
                    "parent": "body",
                    "pivot": [
                        0,
                        24,
                        0
                    ],
                    "cubes": [
                        {
                            "origin": [
                                -4.00032,
                                21,
                                -4.00007
                            ],
                            "size": [
                                8.000471,
                                3,
                                1.000134
                            ],
                            "uv": [
                                24,
                                2
                            ]
                        },
                        {
                            "origin": [
                                -3.00063,
                                13,
                                -4.00034
                            ],
                            "size": [
                                6.00131035,
                                7,
                                1.00068378
                            ],
                            "uv": [
                                16,
                                40
                            ]
                        },
                        {
                            "origin": [
                                -2.00013,
                                13,
                                -5.00007
                            ],
                            "size": [
                                4.00033331,
                                5,
                                1.00013542
                            ],
                            "uv": [
                                16,
                                34
                            ]
                        },
                        {
                            "origin": [
                                -3.00009,
                                20,
                                -4
                            ],
                            "size": [
                                6.000087,
                                1,
                                1
                            ],
                            "uv": [
                                24,
                                0
                            ]
                        },
                        {
                            "origin": [
                                -4,
                                13,
                                -3.00035
                            ],
                            "size": [
                                8.00050449,
                                9,
                                1.00069571
                            ],
                            "uv": [
                                30,
                                38
                            ]
                        },
                        {
                            "origin": [
                                -1.00001,
                                12,
                                -3
                            ],
                            "size": [
                                2.000012,
                                1,
                                1
                            ],
                            "uv": [
                                24,
                                6
                            ]
                        },
                        {
                            "origin": [
                                -4.00029,
                                18,
                                1.99952
                            ],
                            "size": [
                                8.000469,
                                5,
                                1.00096512
                            ],
                            "uv": [
                                30,
                                32
                            ]
                        }
                    ]
                }
            ]
        }
    ]
}