{
    "format_version": "1.12.0",
    "minecraft:geometry": [
        {
            "description": {
                "identifier": "geometry.JourneyToTheWest.monkey",
                "texture_width": 64,
                "texture_height": 64
            },
            "bones": [
                {
                    "name": "root",
                    "pivot": [
                        0,
                        0,
                        0
                    ]
                },
                {
                    "name": "body",
                    "parent": "waist",
                    "pivot": [
                        0,
                        24,
                        0
                    ],
                    "cubes": [
                        {
                            "origin": [
                                -4,
                                12,
                                -2
                            ],
                            "size": [
                                8,
                                12,
                                4
                            ],
                            "uv": [
                                16,
                                16
                            ]
                        }
                    ]
                },
                {
                    "name": "waist",
                    "parent": "root",
                    "pivot": [
                        0,
                        12,
                        0
                    ]
                },
                {
                    "name": "head",
                    "parent": "body",
                    "pivot": [
                        0,
                        24,
                        0
                    ],
                    "cubes": [
                        {
                            "origin": [
                                -4,
                                24,
                                -4
                            ],
                            "size": [
                                8,
                                8,
                                8
                            ],
                            "uv": [
                                0,
                                0
                            ]
                        }
                    ]
                },
                {
                    "name": "cape",
                    "pivot": [
                        0,
                        24,
                        3
                    ],
                    "parent": "body"
                },
                {
                    "name": "hat",
                    "parent": "head",
                    "pivot": [
                        0,
                        24,
                        0
                    ],
                    "cubes": [
                        {
                            "origin": [
                                -4,
                                24,
                                -4
                            ],
                            "size": [
                                8,
                                8,
                                8
                            ],
                            "uv": [
                                32,
                                0
                            ],
                            "inflate": 0.5
                        }
                    ]
                },
                {
                    "name": "leftArm",
                    "parent": "body",
                    "pivot": [
                        5.001448,
                        22,
                        0
                    ],
                    "cubes": [
                        {
                            "origin": [
                                4.001448,
                                12,
                                -2
                            ],
                            "size": [
                                4,
                                12,
                                4
                            ],
                            "uv": [
                                32,
                                48
                            ]
                        }
                    ]
                },
                {
                    "name": "leftSleeve",
                    "parent": "leftArm",
                    "pivot": [
                        5.001448,
                        22,
                        0
                    ],
                    "cubes": [
                        {
                            "origin": [
                                4.001448,
                                12,
                                -2
                            ],
                            "size": [
                                4,
                                12,
                                4
                            ],
                            "uv": [
                                48,
                                48
                            ],
                            "inflate": 0.25
                        }
                    ]
                },
                {
                    "name": "leftItem",
                    "pivot": [
                        6,
                        15,
                        1
                    ],
                    "parent": "leftArm"
                },
                {
                    "name": "rightArm",
                    "parent": "body",
                    "pivot": [
                        -5,
                        22,
                        0
                    ],
                    "cubes": [
                        {
                            "origin": [
                                -8,
                                12,
                                -2
                            ],
                            "size": [
                                4,
                                12,
                                4
                            ],
                            "uv": [
                                40,
                                16
                            ]
                        }
                    ]
                },
                {
                    "name": "rightSleeve",
                    "parent": "rightArm",
                    "pivot": [
                        -5,
                        22,
                        0
                    ],
                    "cubes": [
                        {
                            "origin": [
                                -8,
                                12,
                                -2
                            ],
                            "size": [
                                4,
                                12,
                                4
                            ],
                            "uv": [
                                40,
                                32
                            ],
                            "inflate": 0.25
                        }
                    ]
                },
                {
                    "name": "rightItem",
                    "pivot": [
                        -6,
                        15,
                        1
                    ],
                    "locators": {
                        "lead_hold": [
                            -6,
                            15,
                            1
                        ]
                    },
                    "parent": "rightArm"
                },
                {
                    "name": "leftLeg",
                    "parent": "root",
                    "pivot": [
                        1.9,
                        12,
                        0
                    ],
                    "cubes": [
                        {
                            "origin": [
                                -0.09999977,
                                2.288819e-7,
                                -2
                            ],
                            "size": [
                                4,
                                12,
                                4
                            ],
                            "uv": [
                                16,
                                48
                            ]
                        }
                    ]
                },
                {
                    "name": "rightLeg",
                    "parent": "root",
                    "pivot": [
                        -1.900551,
                        12,
                        0
                    ],
                    "cubes": [
                        {
                            "origin": [
                                -3.900551,
                                3.051758e-7,
                                -2
                            ],
                            "size": [
                                4,
                                12,
                                4
                            ],
                            "uv": [
                                0,
                                16
                            ]
                        }
                    ]
                },
                {
                    "name": "jacket",
                    "parent": "body",
                    "pivot": [
                        0,
                        24,
                        0
                    ],
                    "cubes": [
                        {
                            "origin": [
                                -4,
                                12,
                                -2
                            ],
                            "size": [
                                8,
                                12,
                                4
                            ],
                            "uv": [
                                16,
                                32
                            ],
                            "inflate": 0.25
                        }
                    ]
                },
                {
                    "name": "helmet",
                    "parent": "head",
                    "pivot": [
                        0,
                        24,
                        1.421085e-16
                    ],
                    "cubes": [
                        {
                            "origin": [
                                -2,
                                32,
                                -1
                            ],
                            "size": [
                                4,
                                3,
                                4
                            ],
                            "uv": [
                                24,
                                1
                            ]
                        },
                        {
                            "origin": [
                                -1,
                                28,
                                4
                            ],
                            "size": [
                                2,
                                2,
                                2
                            ],
                            "uv": [
                                36,
                                16
                            ]
                        },
                        {
                            "origin": [
                                -1,
                                30,
                                4
                            ],
                            "size": [
                                2,
                                2,
                                2
                            ],
                            "uv": [
                                56,
                                4
                            ]
                        },
                        {
                            "origin": [
                                -1,
                                32,
                                3
                            ],
                            "size": [
                                2,
                                1,
                                2
                            ],
                            "uv": [
                                12,
                                17
                            ]
                        },
                        {
                            "origin": [
                                -1,
                                33,
                                3
                            ],
                            "size": [
                                2,
                                2,
                                2
                            ],
                            "uv": [
                                56,
                                0
                            ]
                        },
                        {
                            "origin": [
                                -1,
                                35,
                                2
                            ],
                            "size": [
                                2,
                                2,
                                2
                            ],
                            "uv": [
                                0,
                                0
                            ]
                        },
                        {
                            "origin": [
                                -1,
                                35,
                                1.421085e-16
                            ],
                            "size": [
                                2,
                                2,
                                2
                            ],
                            "uv": [
                                0,
                                4
                            ]
                        }
                    ]
                },
                {
                    "name": "bodyArmor",
                    "parent": "body",
                    "pivot": [
                        0,
                        24,
                        0
                    ],
                    "cubes": [
                        {
                            "origin": [
                                -1,
                                13,
                                2
                            ],
                            "size": [
                                1,
                                2,
                                1
                            ],
                            "uv": [
                                0,
                                49
                            ]
                        },
                        {
                            "origin": [
                                0,
                                21,
                                4
                            ],
                            "size": [
                                2,
                                1,
                                1
                            ],
                            "uv": [
                                36,
                                34
                            ]
                        },
                        {
                            "origin": [
                                -2,
                                21,
                                4
                            ],
                            "size": [
                                2,
                                1,
                                1
                            ],
                            "uv": [
                                12,
                                32
                            ]
                        },
                        {
                            "origin": [
                                -3,
                                20,
                                4
                            ],
                            "size": [
                                2,
                                1,
                                1
                            ],
                            "uv": [
                                12,
                                34
                            ]
                        },
                        {
                            "origin": [
                                -3,
                                18,
                                4
                            ],
                            "size": [
                                1,
                                2,
                                1
                            ],
                            "uv": [
                                32,
                                49
                            ]
                        },
                        {
                            "origin": [
                                -3,
                                17,
                                4
                            ],
                            "size": [
                                2,
                                1,
                                1
                            ],
                            "uv": [
                                44,
                                48
                            ]
                        },
                        {
                            "origin": [
                                -2,
                                16,
                                4
                            ],
                            "size": [
                                1,
                                1,
                                1
                            ],
                            "uv": [
                                16,
                                49
                            ]
                        },
                        {
                            "origin": [
                                -2,
                                16,
                                3
                            ],
                            "size": [
                                2,
                                1,
                                1
                            ],
                            "uv": [
                                44,
                                50
                            ]
                        },
                        {
                            "origin": [
                                0,
                                15,
                                3
                            ],
                            "size": [
                                1,
                                2,
                                1
                            ],
                            "uv": [
                                28,
                                49
                            ]
                        },
                        {
                            "origin": [
                                0,
                                14,
                                2
                            ],
                            "size": [
                                1,
                                1,
                                2
                            ],
                            "uv": [
                                12,
                                49
                            ]
                        },
                        {
                            "origin": [
                                -2,
                                22,
                                2
                            ],
                            "size": [
                                1,
                                2,
                                1
                            ],
                            "uv": [
                                60,
                                20
                            ]
                        },
                        {
                            "origin": [
                                -1,
                                20,
                                2
                            ],
                            "size": [
                                1,
                                2,
                                1
                            ],
                            "uv": [
                                60,
                                23
                            ]
                        },
                        {
                            "origin": [
                                0,
                                18,
                                2
                            ],
                            "size": [
                                1,
                                2,
                                1
                            ],
                            "uv": [
                                60,
                                26
                            ]
                        },
                        {
                            "origin": [
                                1,
                                16,
                                2
                            ],
                            "size": [
                                1,
                                2,
                                1
                            ],
                            "uv": [
                                60,
                                29
                            ]
                        },
                        {
                            "origin": [
                                2,
                                14,
                                2
                            ],
                            "size": [
                                1,
                                2,
                                1
                            ],
                            "uv": [
                                60,
                                32
                            ]
                        },
                        {
                            "origin": [
                                3,
                                12,
                                2
                            ],
                            "size": [
                                1,
                                2,
                                1
                            ],
                            "uv": [
                                60,
                                35
                            ]
                        },
                        {
                            "origin": [
                                4,
                                10,
                                2
                            ],
                            "size": [
                                1,
                                2,
                                1
                            ],
                            "uv": [
                                60,
                                38
                            ]
                        }
                    ]
                },
                {
                    "name": "rightPants",
                    "parent": "rightLeg",
                    "pivot": [
                        -1.900551,
                        12,
                        0
                    ],
                    "cubes": [
                        {
                            "origin": [
                                -3.900551,
                                2.670288e-7,
                                -2
                            ],
                            "size": [
                                4,
                                12,
                                4
                            ],
                            "uv": [
                                0,
                                32
                            ],
                            "inflate": 0.2500003
                        }
                    ]
                },
                {
                    "name": "leftPants",
                    "parent": "leftLeg",
                    "pivot": [
                        1.9,
                        12,
                        0
                    ],
                    "cubes": [
                        {
                            "origin": [
                                -0.09999969,
                                2.670288e-7,
                                -2
                            ],
                            "size": [
                                4,
                                12,
                                4
                            ],
                            "uv": [
                                0,
                                48
                            ],
                            "inflate": 0.2500003
                        }
                    ]
                }
            ]
        }
    ]
}