{
    "format_version": "1.12.0",
    "minecraft:geometry": [
        {
            "description": {
                "identifier": "geometry.MagicTheGathering.Tezzeret",
                "texture_width": 64,
                "texture_height": 64
            },
            "bones": [
                {
                    "name": "root",
                    "pivot": [
                        0,
                        0,
                        0
                    ]
                },
                {
                    "name": "body",
                    "parent": "waist",
                    "pivot": [
                        0,
                        24,
                        0
                    ],
                    "cubes": [
                        {
                            "origin": [
                                -4,
                                12,
                                -2
                            ],
                            "size": [
                                8,
                                12,
                                4
                            ],
                            "uv": [
                                16,
                                16
                            ]
                        }
                    ]
                },
                {
                    "name": "waist",
                    "parent": "root",
                    "pivot": [
                        0,
                        12,
                        0
                    ],
                    "cubes": []
                },
                {
                    "name": "head",
                    "parent": "body",
                    "pivot": [
                        0,
                        24,
                        0
                    ],
                    "cubes": [
                        {
                            "origin": [
                                -4,
                                24,
                                -4
                            ],
                            "size": [
                                8,
                                8,
                                8
                            ],
                            "uv": [
                                0,
                                0
                            ]
                        },
                        {
                            "origin": [
                                -2,
                                23,
                                -4
                            ],
                            "size": [
                                4.00009441,
                                1,
                                1
                            ],
                            "uv": [
                                24,
                                0
                            ]
                        },
                        {
                            "origin": [
                                -1,
                                22,
                                -4
                            ],
                            "size": [
                                2.00002456,
                                1,
                                1
                            ],
                            "uv": [
                                34,
                                0
                            ]
                        },
                        {
                            "origin": [
                                3,
                                21,
                                2.99993
                            ],
                            "size": [
                                1,
                                3,
                                1.000145
                            ],
                            "uv": [
                                24,
                                4
                            ]
                        },
                        {
                            "origin": [
                                2,
                                23,
                                3
                            ],
                            "size": [
                                1,
                                1,
                                1
                            ],
                            "uv": [
                                24,
                                2
                            ]
                        },
                        {
                            "origin": [
                                -3.0e-5,
                                22,
                                3
                            ],
                            "size": [
                                1.0000515,
                                2,
                                1
                            ],
                            "uv": [
                                40,
                                6
                            ]
                        },
                        {
                            "origin": [
                                -2,
                                23,
                                3
                            ],
                            "size": [
                                1,
                                1,
                                1
                            ],
                            "uv": [
                                28,
                                3
                            ]
                        },
                        {
                            "origin": [
                                1,
                                21,
                                3
                            ],
                            "size": [
                                1,
                                3,
                                1
                            ],
                            "uv": [
                                48,
                                11
                            ]
                        },
                        {
                            "origin": [
                                -1.00004,
                                20,
                                2.99999
                            ],
                            "size": [
                                1.00009537,
                                4,
                                1.00001669
                            ],
                            "uv": [
                                48,
                                11
                            ]
                        },
                        {
                            "origin": [
                                -3,
                                22,
                                3
                            ],
                            "size": [
                                1,
                                2,
                                1
                            ],
                            "uv": [
                                48,
                                8
                            ]
                        },
                        {
                            "origin": [
                                2,
                                23,
                                -4
                            ],
                            "size": [
                                1,
                                1,
                                1
                            ],
                            "uv": [
                                54,
                                10
                            ]
                        },
                        {
                            "origin": [
                                -3,
                                23,
                                -4
                            ],
                            "size": [
                                1,
                                1,
                                1
                            ],
                            "uv": [
                                54,
                                10
                            ]
                        }
                    ],
                    "mirror": true
                },
                {
                    "name": "cape",
                    "pivot": [
                        0,
                        24,
                        3
                    ],
                    "parent": "body"
                },
                {
                    "name": "hat",
                    "parent": "head",
                    "pivot": [
                        0,
                        24,
                        0
                    ],
                    "cubes": []
                },
                {
                    "name": "leftArm",
                    "parent": "body",
                    "pivot": [
                        5,
                        22,
                        0
                    ],
                    "cubes": [
                        {
                            "origin": [
                                4,
                                12,
                                -2
                            ],
                            "size": [
                                4,
                                12,
                                4
                            ],
                            "uv": [
                                32,
                                48
                            ]
                        }
                    ]
                },
                {
                    "name": "leftSleeve",
                    "parent": "leftArm",
                    "pivot": [
                        5,
                        22,
                        0
                    ],
                    "cubes": [
                        {
                            "origin": [
                                4,
                                12,
                                -2
                            ],
                            "size": [
                                4,
                                12,
                                4
                            ],
                            "uv": [
                                48,
                                48
                            ],
                            "inflate": 0.25
                        }
                    ]
                },
                {
                    "name": "leftItem",
                    "pivot": [
                        6,
                        15,
                        1
                    ],
                    "parent": "leftArm",
                    "cubes": []
                },
                {
                    "name": "rightArm",
                    "parent": "body",
                    "pivot": [
                        -5,
                        22,
                        0
                    ],
                    "cubes": [
                        {
                            "origin": [
                                -8.5,
                                12,
                                -2
                            ],
                            "size": [
                                4,
                                12,
                                4
                            ],
                            "uv": [
                                40,
                                16
                            ]
                        },
                        {
                            "origin": [
                                -9,
                                11,
                                -2
                            ],
                            "size": [
                                1,
                                2,
                                1.00000024
                            ],
                            "uv": [
                                56,
                                42
                            ]
                        },
                        {
                            "origin": [
                                -9,
                                10,
                                -2
                            ],
                            "size": [
                                2,
                                1,
                                1
                            ],
                            "uv": [
                                56,
                                46
                            ]
                        },
                        {
                            "origin": [
                                -9,
                                11,
                                0.99999
                            ],
                            "size": [
                                1,
                                2,
                                1.00001359
                            ],
                            "uv": [
                                56,
                                42
                            ]
                        },
                        {
                            "origin": [
                                -9,
                                10,
                                0.99999
                            ],
                            "size": [
                                2,
                                1,
                                1.00001478
                            ],
                            "uv": [
                                56,
                                46
                            ]
                        },
                        {
                            "origin": [
                                -9,
                                13,
                                -1.00005
                            ],
                            "size": [
                                2,
                                2,
                                2.00011873
                            ],
                            "uv": [
                                56,
                                36
                            ]
                        },
                        {
                            "origin": [
                                -9,
                                15,
                                -0.50003
                            ],
                            "size": [
                                1,
                                4,
                                1.000063
                            ],
                            "uv": [
                                4,
                                3
                            ]
                        },
                        {
                            "origin": [
                                -7,
                                17,
                                -2.5
                            ],
                            "size": [
                                1,
                                1,
                                5
                            ],
                            "uv": [
                                52,
                                30
                            ]
                        },
                        {
                            "origin": [
                                -7,
                                13,
                                -0.5001
                            ],
                            "size": [
                                1,
                                4,
                                1.000206
                            ],
                            "uv": [
                                60,
                                30
                            ]
                        },
                        {
                            "origin": [
                                -6.5,
                                12,
                                -2
                            ],
                            "size": [
                                1,
                                2,
                                1.00000024
                            ],
                            "uv": [
                                60,
                                40
                            ]
                        }
                    ]
                },
                {
                    "name": "rightSleeve",
                    "parent": "rightArm",
                    "pivot": [
                        -5,
                        22,
                        0
                    ],
                    "cubes": [
                        {
                            "origin": [
                                -8.5,
                                12,
                                -2
                            ],
                            "size": [
                                4,
                                12,
                                4
                            ],
                            "uv": [
                                40,
                                32
                            ],
                            "inflate": 0.25
                        }
                    ]
                },
                {
                    "name": "rightItem",
                    "pivot": [
                        -6,
                        15,
                        1
                    ],
                    "locators": {
                        "lead_hold": [
                            -6,
                            15,
                            1
                        ]
                    },
                    "parent": "rightArm",
                    "cubes": []
                },
                {
                    "name": "leftLeg",
                    "parent": "root",
                    "pivot": [
                        1.9,
                        12,
                        0
                    ],
                    "cubes": [
                        {
                            "origin": [
                                -0.1,
                                0,
                                -2
                            ],
                            "size": [
                                4,
                                12,
                                4
                            ],
                            "uv": [
                                16,
                                48
                            ]
                        }
                    ]
                },
                {
                    "name": "rightLeg",
                    "parent": "root",
                    "pivot": [
                        -1.9,
                        12,
                        0
                    ],
                    "cubes": [
                        {
                            "origin": [
                                -3.9,
                                0,
                                -2
                            ],
                            "size": [
                                4,
                                12,
                                4
                            ],
                            "uv": [
                                0,
                                16
                            ]
                        }
                    ]
                },
                {
                    "name": "jacket",
                    "parent": "body",
                    "pivot": [
                        0,
                        24,
                        0
                    ],
                    "cubes": [
                        {
                            "origin": [
                                -4,
                                12,
                                -2
                            ],
                            "size": [
                                8,
                                12,
                                4
                            ],
                            "uv": [
                                16,
                                32
                            ],
                            "inflate": 0.25
                        }
                    ]
                },
                {
                    "name": "leftPants",
                    "parent": "leftLeg",
                    "pivot": [
                        1.9,
                        12,
                        0
                    ],
                    "cubes": [
                        {
                            "origin": [
                                -0.1,
                                0,
                                -2
                            ],
                            "size": [
                                4,
                                12,
                                4
                            ],
                            "uv": [
                                0,
                                48
                            ],
                            "inflate": 0.25
                        }
                    ]
                },
                {
                    "name": "rightPants",
                    "parent": "rightLeg",
                    "pivot": [
                        -1.9,
                        12,
                        0
                    ],
                    "cubes": [
                        {
                            "origin": [
                                -3.9,
                                0,
                                -2
                            ],
                            "size": [
                                4,
                                12,
                                4
                            ],
                            "uv": [
                                0,
                                32
                            ],
                            "inflate": 0.25
                        }
                    ]
                },
                {
                    "name": "helmet",
                    "parent": "head",
                    "pivot": [
                        0,
                        24,
                        0
                    ],
                    "cubes": [
                        {
                            "origin": [
                                -4.00048,
                                32,
                                -2.00012
                            ],
                            "size": [
                                8.000866,
                                1,
                                5.000119
                            ],
                            "uv": [
                                38,
                                0
                            ]
                        },
                        {
                            "origin": [
                                2,
                                32,
                                -3
                            ],
                            "size": [
                                2,
                                1,
                                1
                            ],
                            "uv": [
                                58,
                                6
                            ]
                        },
                        {
                            "origin": [
                                -2,
                                32,
                                -3
                            ],
                            "size": [
                                4.00009,
                                1,
                                1
                            ],
                            "uv": [
                                33,
                                2
                            ]
                        },
                        {
                            "origin": [
                                -4,
                                32,
                                -3
                            ],
                            "size": [
                                2,
                                1,
                                1
                            ],
                            "uv": [
                                58,
                                6
                            ]
                        },
                        {
                            "origin": [
                                -4,
                                32,
                                3
                            ],
                            "size": [
                                2,
                                1,
                                1
                            ],
                            "uv": [
                                58,
                                8
                            ]
                        },
                        {
                            "origin": [
                                -2,
                                32,
                                3
                            ],
                            "size": [
                                4.00003052,
                                1,
                                1
                            ],
                            "uv": [
                                47,
                                6
                            ]
                        },
                        {
                            "origin": [
                                2,
                                32,
                                3
                            ],
                            "size": [
                                2,
                                1,
                                1
                            ],
                            "uv": [
                                58,
                                8
                            ]
                        },
                        {
                            "origin": [
                                -5,
                                28,
                                -1.00002
                            ],
                            "size": [
                                1,
                                4,
                                1.00004387
                            ],
                            "uv": [
                                32,
                                6
                            ]
                        },
                        {
                            "origin": [
                                -5,
                                28,
                                -3.0e-5
                            ],
                            "size": [
                                1,
                                4,
                                1.00005746
                            ],
                            "uv": [
                                32,
                                11
                            ]
                        },
                        {
                            "origin": [
                                -5,
                                24,
                                0.99993
                            ],
                            "size": [
                                1,
                                8,
                                1.00013351
                            ],
                            "uv": [
                                44,
                                7
                            ]
                        },
                        {
                            "origin": [
                                -5,
                                22,
                                1.99961
                            ],
                            "size": [
                                1,
                                10,
                                1.00078392
                            ],
                            "uv": [
                                40,
                                9
                            ]
                        },
                        {
                            "origin": [
                                -5,
                                20,
                                2.99974
                            ],
                            "size": [
                                1,
                                12,
                                1.00052023
                            ],
                            "uv": [
                                36,
                                7
                            ]
                        },
                        {
                            "origin": [
                                4,
                                23,
                                2.9999
                            ],
                            "size": [
                                1,
                                9,
                                1.00019169
                            ],
                            "uv": [
                                36,
                                7
                            ]
                        },
                        {
                            "origin": [
                                4,
                                22,
                                1.99979
                            ],
                            "size": [
                                1,
                                10,
                                1.00041485
                            ],
                            "uv": [
                                40,
                                9
                            ]
                        },
                        {
                            "origin": [
                                4,
                                24,
                                0.9999
                            ],
                            "size": [
                                1,
                                8,
                                1.000207
                            ],
                            "uv": [
                                44,
                                7
                            ]
                        },
                        {
                            "origin": [
                                4,
                                29,
                                -1.00002
                            ],
                            "size": [
                                1,
                                3,
                                1.00003
                            ],
                            "uv": [
                                32,
                                6
                            ]
                        },
                        {
                            "origin": [
                                3,
                                22,
                                -3
                            ],
                            "size": [
                                1,
                                2,
                                1
                            ],
                            "uv": [
                                28,
                                5
                            ]
                        },
                        {
                            "origin": [
                                -4,
                                22,
                                -3
                            ],
                            "size": [
                                1,
                                2,
                                1
                            ],
                            "uv": [
                                28,
                                5
                            ]
                        }
                    ],
                    "mirror": true
                },
                {
                    "name": "bodyArmor",
                    "parent": "body",
                    "pivot": [
                        0,
                        24,
                        0
                    ],
                    "cubes": [
                        {
                            "origin": [
                                1.5,
                                19.5,
                                -3
                            ],
                            "size": [
                                2,
                                2,
                                1
                            ],
                            "uv": [
                                0,
                                0
                            ]
                        }
                    ]
                }
            ]
        }
    ]
}