{
    "format_version": "1.12.0",
    "minecraft:geometry": [
        {
            "description": {
                "identifier": "geometry.PowerRangers.RitaRepulsa",
                "texture_width": 64,
                "texture_height": 64
            },
            "bones": [
                {
                    "name": "root",
                    "pivot": [
                        0,
                        0,
                        0
                    ]
                },
                {
                    "name": "body",
                    "parent": "waist",
                    "pivot": [
                        0,
                        24,
                        0
                    ],
                    "cubes": [
                        {
                            "origin": [
                                -4,
                                12,
                                -2
                            ],
                            "size": [
                                8,
                                12,
                                4
                            ],
                            "uv": [
                                16,
                                16
                            ]
                        }
                    ]
                },
                {
                    "name": "waist",
                    "parent": "root",
                    "pivot": [
                        0,
                        12,
                        0
                    ],
                    "cubes": []
                },
                {
                    "name": "head",
                    "parent": "body",
                    "pivot": [
                        0,
                        24,
                        0
                    ],
                    "cubes": [
                        {
                            "origin": [
                                -4,
                                24,
                                -4
                            ],
                            "size": [
                                8,
                                8,
                                8
                            ],
                            "uv": [
                                0,
                                0
                            ]
                        }
                    ]
                },
                {
                    "name": "cape",
                    "pivot": [
                        0,
                        24,
                        3
                    ],
                    "parent": "body"
                },
                {
                    "name": "hat",
                    "parent": "head",
                    "pivot": [
                        0,
                        24,
                        0
                    ],
                    "cubes": []
                },
                {
                    "name": "leftArm",
                    "parent": "body",
                    "pivot": [
                        5,
                        21.5,
                        0
                    ],
                    "cubes": [
                        {
                            "origin": [
                                4,
                                11.5,
                                -2
                            ],
                            "size": [
                                3,
                                12,
                                4
                            ],
                            "uv": [
                                32,
                                48
                            ]
                        }
                    ]
                },
                {
                    "name": "leftSleeve",
                    "parent": "leftArm",
                    "pivot": [
                        5,
                        21.5,
                        0
                    ],
                    "cubes": [
                        {
                            "origin": [
                                4,
                                11.5,
                                -2
                            ],
                            "size": [
                                3,
                                12,
                                4
                            ],
                            "uv": [
                                48,
                                48
                            ],
                            "inflate": 0.25
                        }
                    ],
                    "mirror": true
                },
                {
                    "name": "leftItem",
                    "pivot": [
                        6,
                        14.5,
                        1
                    ],
                    "parent": "leftArm",
                    "cubes": []
                },
                {
                    "name": "rightArm",
                    "parent": "body",
                    "pivot": [
                        -5,
                        21.5,
                        0
                    ],
                    "cubes": [
                        {
                            "origin": [
                                -7,
                                11.5,
                                -2
                            ],
                            "size": [
                                3,
                                12,
                                4
                            ],
                            "uv": [
                                40,
                                16
                            ]
                        }
                    ]
                },
                {
                    "name": "rightSleeve",
                    "parent": "rightArm",
                    "pivot": [
                        -5,
                        21.5,
                        0
                    ],
                    "cubes": [
                        {
                            "origin": [
                                -7,
                                11.5,
                                -2
                            ],
                            "size": [
                                3,
                                12,
                                4
                            ],
                            "uv": [
                                48,
                                48
                            ],
                            "inflate": 0.25
                        }
                    ]
                },
                {
                    "name": "rightItem",
                    "pivot": [
                        -6,
                        14.5,
                        1
                    ],
                    "locators": {
                        "lead_hold": [
                            -6,
                            15,
                            1
                        ]
                    },
                    "parent": "rightArm",
                    "cubes": []
                },
                {
                    "name": "leftLeg",
                    "parent": "root",
                    "pivot": [
                        1.9,
                        12,
                        0
                    ],
                    "cubes": [
                        {
                            "origin": [
                                -0.1,
                                0,
                                -2
                            ],
                            "size": [
                                4,
                                12,
                                4
                            ],
                            "uv": [
                                16,
                                48
                            ]
                        }
                    ]
                },
                {
                    "name": "rightLeg",
                    "parent": "root",
                    "pivot": [
                        -1.9,
                        12,
                        0
                    ],
                    "cubes": [
                        {
                            "origin": [
                                -3.9,
                                0,
                                -2
                            ],
                            "size": [
                                4,
                                12,
                                4
                            ],
                            "uv": [
                                0,
                                16
                            ]
                        }
                    ]
                },
                {
                    "name": "jacket",
                    "parent": "body",
                    "pivot": [
                        0,
                        24,
                        0
                    ],
                    "cubes": []
                },
                {
                    "name": "leftPants",
                    "parent": "leftLeg",
                    "pivot": [
                        1.9,
                        12,
                        0
                    ],
                    "cubes": [
                        {
                            "origin": [
                                -0.1,
                                0,
                                -2
                            ],
                            "size": [
                                4,
                                12,
                                4
                            ],
                            "uv": [
                                0,
                                48
                            ],
                            "inflate": 0.25
                        }
                    ]
                },
                {
                    "name": "rightPants",
                    "parent": "rightLeg",
                    "pivot": [
                        -1.9,
                        12,
                        0
                    ],
                    "cubes": [
                        {
                            "origin": [
                                -3.9,
                                0,
                                -2
                            ],
                            "size": [
                                4,
                                12,
                                4
                            ],
                            "uv": [
                                0,
                                32
                            ],
                            "inflate": 0.25
                        }
                    ]
                },
                {
                    "name": "rightArmArmor",
                    "parent": "rightArm",
                    "pivot": [
                        -5,
                        22,
                        0
                    ],
                    "cubes": [
                        {
                            "origin": [
                                -9,
                                23,
                                -2
                            ],
                            "size": [
                                1,
                                1,
                                4
                            ],
                            "uv": [
                                24,
                                3
                            ]
                        }
                    ],
                    "mirror": true
                },
                {
                    "name": "leftArmArmor",
                    "parent": "leftArm",
                    "pivot": [
                        5,
                        22,
                        0
                    ],
                    "cubes": [
                        {
                            "origin": [
                                8,
                                23,
                                -2
                            ],
                            "size": [
                                1,
                                1,
                                4
                            ],
                            "uv": [
                                24,
                                3
                            ]
                        }
                    ]
                },
                {
                    "name": "bodyArmor",
                    "parent": "body",
                    "pivot": [
                        0,
                        24,
                        0
                    ],
                    "cubes": [
                        {
                            "origin": [
                                -8,
                                22,
                                -4
                            ],
                            "size": [
                                4,
                                3,
                                8
                            ],
                            "uv": [
                                16,
                                37
                            ]
                        },
                        {
                            "origin": [
                                3.9998,
                                22,
                                -4
                            ],
                            "size": [
                                4.000204,
                                3,
                                8
                            ],
                            "uv": [
                                16,
                                37
                            ]
                        },
                        {
                            "origin": [
                                -6.00071,
                                22,
                                3.99989
                            ],
                            "size": [
                                12.0015726,
                                3,
                                3.00011063
                            ],
                            "uv": [
                                32,
                                39
                            ]
                        },
                        {
                            "origin": [
                                1.99997,
                                19,
                                -3.00013
                            ],
                            "size": [
                                2.00006771,
                                2,
                                1.00030518
                            ],
                            "uv": [
                                54,
                                20
                            ]
                        },
                        {
                            "origin": [
                                -2.00013,
                                19,
                                -3
                            ],
                            "size": [
                                4.00012827,
                                1,
                                1
                            ],
                            "uv": [
                                54,
                                25
                            ]
                        },
                        {
                            "origin": [
                                -1.00007,
                                18,
                                -3
                            ],
                            "size": [
                                2.00007129,
                                1,
                                1
                            ],
                            "uv": [
                                54,
                                23
                            ]
                        },
                        {
                            "origin": [
                                -4.00011,
                                19,
                                -3
                            ],
                            "size": [
                                2.00022125,
                                2,
                                1.00003529
                            ],
                            "uv": [
                                54,
                                20
                            ]
                        },
                        {
                            "origin": [
                                -3,
                                22,
                                -3.00004
                            ],
                            "size": [
                                6.000147,
                                1,
                                1.00008535
                            ],
                            "uv": [
                                50,
                                18
                            ]
                        },
                        {
                            "origin": [
                                -4,
                                23,
                                -3
                            ],
                            "size": [
                                1,
                                1,
                                1
                            ],
                            "uv": [
                                54,
                                27
                            ]
                        },
                        {
                            "origin": [
                                3,
                                23,
                                -3
                            ],
                            "size": [
                                1,
                                1,
                                1
                            ],
                            "uv": [
                                54,
                                27
                            ]
                        }
                    ],
                    "mirror": true
                },
                {
                    "name": "helmet",
                    "parent": "head",
                    "pivot": [
                        0,
                        24,
                        0
                    ],
                    "cubes": [
                        {
                            "origin": [
                                -8,
                                30,
                                -2.00014
                            ],
                            "size": [
                                4,
                                4,
                                4.000271
                            ],
                            "uv": [
                                24,
                                0
                            ]
                        },
                        {
                            "origin": [
                                -10,
                                32,
                                -1.00004
                            ],
                            "size": [
                                2,
                                2,
                                2.00008
                            ],
                            "uv": [
                                0,
                                4
                            ]
                        },
                        {
                            "origin": [
                                -11,
                                31,
                                -1.00003
                            ],
                            "size": [
                                1,
                                3,
                                1.00006771
                            ],
                            "uv": [
                                0,
                                0
                            ]
                        },
                        {
                            "origin": [
                                3.99967,
                                30,
                                -2.00038
                            ],
                            "size": [
                                4.000327,
                                4,
                                4.00066757
                            ],
                            "uv": [
                                24,
                                0
                            ]
                        },
                        {
                            "origin": [
                                8,
                                32,
                                -1.00003
                            ],
                            "size": [
                                2,
                                2,
                                2.00005817
                            ],
                            "uv": [
                                0,
                                4
                            ]
                        },
                        {
                            "origin": [
                                10,
                                31,
                                -1.00004
                            ],
                            "size": [
                                1,
                                3,
                                1.000072
                            ],
                            "uv": [
                                0,
                                0
                            ]
                        },
                        {
                            "origin": [
                                -3.0003,
                                33,
                                -3
                            ],
                            "size": [
                                6.000496,
                                1,
                                6.00001526
                            ],
                            "uv": [
                                40,
                                0
                            ]
                        },
                        {
                            "origin": [
                                -4.0005,
                                32,
                                -4
                            ],
                            "size": [
                                8.000756,
                                1,
                                8.000147
                            ],
                            "uv": [
                                32,
                                7
                            ]
                        }
                    ],
                    "mirror": true
                }
            ]
        }
    ]
}