{
    "format_version": "1.12.0",
    "minecraft:geometry": [
        {
            "description": {
                "identifier": "geometry.MashupAdventureTime.Witch",
                "texture_width": 64,
                "texture_height": 64
            },
            "bones": [
                {
                    "name": "root",
                    "pivot": [
                        0,
                        0,
                        0
                    ]
                },
                {
                    "name": "body",
                    "parent": "waist",
                    "pivot": [
                        0,
                        25,
                        0
                    ],
                    "cubes": [
                        {
                            "origin": [
                                -4,
                                12,
                                -2
                            ],
                            "size": [
                                8,
                                13,
                                4
                            ],
                            "uv": [
                                16,
                                16
                            ]
                        }
                    ]
                },
                {
                    "name": "waist",
                    "parent": "root",
                    "pivot": [
                        0,
                        13,
                        0
                    ],
                    "cubes": []
                },
                {
                    "name": "head",
                    "parent": "body",
                    "pivot": [
                        0,
                        25,
                        0
                    ],
                    "cubes": [
                        {
                            "origin": [
                                -2,
                                19,
                                -10
                            ],
                            "size": [
                                4,
                                3,
                                2
                            ],
                            "uv": [
                                24,
                                0
                            ]
                        },
                        {
                            "origin": [
                                -0.5,
                                24,
                                -12
                            ],
                            "size": [
                                1,
                                1,
                                2
                            ],
                            "uv": [
                                0,
                                5
                            ]
                        },
                        {
                            "origin": [
                                0,
                                30,
                                -9
                            ],
                            "size": [
                                3,
                                2,
                                3
                            ],
                            "uv": [
                                20,
                                43
                            ]
                        },
                        {
                            "origin": [
                                -3,
                                30,
                                -9
                            ],
                            "size": [
                                3,
                                2,
                                3
                            ],
                            "uv": [
                                20,
                                43
                            ]
                        },
                        {
                            "origin": [
                                -3,
                                30,
                                -6
                            ],
                            "size": [
                                3,
                                2,
                                2
                            ],
                            "uv": [
                                21,
                                39
                            ]
                        },
                        {
                            "origin": [
                                0,
                                30,
                                -6
                            ],
                            "size": [
                                3,
                                2,
                                2
                            ],
                            "uv": [
                                21,
                                39
                            ]
                        },
                        {
                            "origin": [
                                -4,
                                22,
                                -10
                            ],
                            "size": [
                                8,
                                8,
                                8
                            ],
                            "uv": [
                                0,
                                0
                            ]
                        },
                        {
                            "origin": [
                                -4,
                                25,
                                -2
                            ],
                            "size": [
                                4,
                                4,
                                4
                            ],
                            "uv": [
                                0,
                                39
                            ]
                        },
                        {
                            "origin": [
                                0,
                                25,
                                -2
                            ],
                            "size": [
                                4,
                                4,
                                4
                            ],
                            "uv": [
                                0,
                                39
                            ]
                        },
                        {
                            "origin": [
                                -3,
                                27,
                                -4
                            ],
                            "size": [
                                6,
                                4,
                                5
                            ],
                            "uv": [
                                39,
                                39
                            ]
                        }
                    ],
                    "mirror": true
                },
                {
                    "name": "cape",
                    "pivot": [
                        0,
                        24,
                        3
                    ],
                    "parent": "body"
                },
                {
                    "name": "hat",
                    "parent": "head",
                    "pivot": [
                        0,
                        25,
                        0
                    ],
                    "cubes": [
                        {
                            "origin": [
                                -4,
                                22,
                                -10
                            ],
                            "size": [
                                8,
                                8,
                                8
                            ],
                            "uv": [
                                32,
                                0
                            ],
                            "inflate": 0.5
                        },
                        {
                            "origin": [
                                -4,
                                19,
                                -10
                            ],
                            "size": [
                                1,
                                2,
                                3
                            ],
                            "uv": [
                                50,
                                14
                            ],
                            "inflate": 0.5
                        },
                        {
                            "origin": [
                                3,
                                18,
                                -11
                            ],
                            "size": [
                                1,
                                3,
                                3
                            ],
                            "uv": [
                                50,
                                14
                            ],
                            "inflate": 0.5
                        }
                    ],
                    "mirror": true
                },
                {
                    "name": "leftArm",
                    "parent": "body",
                    "pivot": [
                        5,
                        22.5,
                        0
                    ],
                    "cubes": [
                        {
                            "origin": [
                                4,
                                12.5,
                                -2
                            ],
                            "size": [
                                3,
                                12,
                                4
                            ],
                            "uv": [
                                32,
                                48
                            ]
                        }
                    ]
                },
                {
                    "name": "leftSleeve",
                    "parent": "leftArm",
                    "pivot": [
                        5,
                        22.5,
                        0
                    ],
                    "cubes": [
                        {
                            "origin": [
                                4,
                                12.5,
                                -2
                            ],
                            "size": [
                                3,
                                12,
                                4
                            ],
                            "uv": [
                                48,
                                48
                            ],
                            "inflate": 0.25
                        }
                    ],
                    "mirror": true
                },
                {
                    "name": "leftItem",
                    "pivot": [
                        6,
                        15.5,
                        1
                    ],
                    "parent": "leftArm",
                    "cubes": []
                },
                {
                    "name": "rightArm",
                    "parent": "body",
                    "pivot": [
                        -5,
                        22.5,
                        0
                    ],
                    "cubes": [
                        {
                            "origin": [
                                -7,
                                12.5,
                                -2
                            ],
                            "size": [
                                3,
                                12,
                                4
                            ],
                            "uv": [
                                40,
                                16
                            ]
                        }
                    ]
                },
                {
                    "name": "rightSleeve",
                    "parent": "rightArm",
                    "pivot": [
                        -5,
                        22.5,
                        0
                    ],
                    "cubes": []
                },
                {
                    "name": "rightItem",
                    "pivot": [
                        -6,
                        15.5,
                        1
                    ],
                    "locators": {
                        "lead_hold": [
                            -6,
                            15,
                            1
                        ]
                    },
                    "parent": "rightArm",
                    "cubes": []
                },
                {
                    "name": "leftLeg",
                    "parent": "root",
                    "pivot": [
                        1.9,
                        12,
                        0
                    ],
                    "cubes": [
                        {
                            "origin": [
                                -0.1,
                                0,
                                -2
                            ],
                            "size": [
                                4,
                                12,
                                4
                            ],
                            "uv": [
                                16,
                                48
                            ]
                        }
                    ]
                },
                {
                    "name": "rightLeg",
                    "parent": "root",
                    "pivot": [
                        -1.9,
                        12,
                        0
                    ],
                    "cubes": [
                        {
                            "origin": [
                                -3.9,
                                0,
                                -2
                            ],
                            "size": [
                                4,
                                12,
                                4
                            ],
                            "uv": [
                                0,
                                16
                            ]
                        }
                    ]
                },
                {
                    "name": "jacket",
                    "parent": "body",
                    "pivot": [
                        0,
                        25,
                        0
                    ],
                    "cubes": []
                },
                {
                    "name": "leftPants",
                    "parent": "leftLeg",
                    "pivot": [
                        1.9,
                        13,
                        0
                    ],
                    "cubes": [
                        {
                            "origin": [
                                -0.1,
                                1,
                                -2
                            ],
                            "size": [
                                4,
                                12,
                                4
                            ],
                            "uv": [
                                0,
                                48
                            ],
                            "inflate": 0.25
                        }
                    ]
                },
                {
                    "name": "rightPants",
                    "parent": "rightLeg",
                    "pivot": [
                        -1.9,
                        13,
                        0
                    ],
                    "cubes": []
                },
                {
                    "name": "helmet",
                    "parent": "head",
                    "pivot": [
                        0,
                        25,
                        0
                    ],
                    "cubes": [],
                    "mirror": true
                },
                {
                    "name": "belt",
                    "parent": "body",
                    "pivot": [
                        0,
                        24,
                        0
                    ],
                    "cubes": [
                        {
                            "origin": [
                                -1.5,
                                9,
                                2
                            ],
                            "size": [
                                3,
                                6,
                                3
                            ],
                            "uv": [
                                52,
                                39
                            ]
                        }
                    ]
                },
                {
                    "name": "rightLegArmorOffset",
                    "parent": "rightLeg",
                    "pivot": [
                        -1.9,
                        13,
                        0
                    ],
                    "cubes": []
                },
                {
                    "name": "leftLegArmorOffset",
                    "parent": "leftLeg",
                    "pivot": [
                        1.9,
                        13,
                        0
                    ],
                    "cubes": []
                },
                {
                    "name": "helmetArmorOffset",
                    "parent": "head",
                    "pivot": [
                        0,
                        26,
                        0
                    ],
                    "cubes": []
                }
            ]
        }
    ]
}