{
    "format_version": "1.12.0",
    "minecraft:geometry": [
        {
            "description": {
                "identifier": "geometry.FestiveMashup.Noelf",
                "texture_width": 64,
                "texture_height": 64
            },
            "bones": [
                {
                    "name": "root",
                    "pivot": [
                        0,
                        0,
                        0
                    ]
                },
                {
                    "name": "body",
                    "parent": "waist",
                    "pivot": [
                        0,
                        24,
                        0
                    ],
                    "cubes": [
                        {
                            "origin": [
                                -4,
                                12,
                                -2
                            ],
                            "size": [
                                8,
                                12,
                                4
                            ],
                            "uv": [
                                16,
                                16
                            ]
                        }
                    ]
                },
                {
                    "name": "waist",
                    "parent": "root",
                    "pivot": [
                        0,
                        12,
                        0
                    ],
                    "cubes": []
                },
                {
                    "name": "head",
                    "parent": "body",
                    "pivot": [
                        0,
                        24,
                        0
                    ],
                    "cubes": [
                        {
                            "origin": [
                                -4,
                                24,
                                -4
                            ],
                            "size": [
                                8,
                                8,
                                8
                            ],
                            "uv": [
                                0,
                                0
                            ]
                        }
                    ]
                },
                {
                    "name": "cape",
                    "pivot": [
                        0,
                        24,
                        3
                    ],
                    "parent": "body"
                },
                {
                    "name": "hat",
                    "parent": "head",
                    "pivot": [
                        0,
                        24,
                        0
                    ],
                    "cubes": []
                },
                {
                    "name": "leftArm",
                    "parent": "body",
                    "pivot": [
                        5,
                        21.5,
                        0
                    ],
                    "cubes": [
                        {
                            "origin": [
                                4,
                                11.5,
                                -2
                            ],
                            "size": [
                                3,
                                12,
                                4
                            ],
                            "uv": [
                                32,
                                48
                            ]
                        }
                    ]
                },
                {
                    "name": "leftSleeve",
                    "parent": "leftArm",
                    "pivot": [
                        5,
                        21.5,
                        0
                    ],
                    "cubes": []
                },
                {
                    "name": "leftItem",
                    "pivot": [
                        6,
                        14.5,
                        1
                    ],
                    "parent": "leftArm",
                    "cubes": []
                },
                {
                    "name": "rightArm",
                    "parent": "body",
                    "pivot": [
                        -5,
                        21.5,
                        0
                    ],
                    "cubes": [
                        {
                            "origin": [
                                -7,
                                11.5,
                                -2
                            ],
                            "size": [
                                3,
                                12,
                                4
                            ],
                            "uv": [
                                40,
                                16
                            ]
                        }
                    ]
                },
                {
                    "name": "rightSleeve",
                    "parent": "rightArm",
                    "pivot": [
                        -5,
                        21.5,
                        0
                    ],
                    "cubes": []
                },
                {
                    "name": "rightItem",
                    "pivot": [
                        -6,
                        14.5,
                        1
                    ],
                    "locators": {
                        "lead_hold": [
                            -6,
                            15,
                            1
                        ]
                    },
                    "parent": "rightArm",
                    "cubes": []
                },
                {
                    "name": "leftLeg",
                    "parent": "root",
                    "pivot": [
                        1.9,
                        12,
                        0
                    ],
                    "cubes": [
                        {
                            "origin": [
                                -0.1,
                                0,
                                -2
                            ],
                            "size": [
                                4,
                                12,
                                4
                            ],
                            "uv": [
                                16,
                                48
                            ]
                        }
                    ]
                },
                {
                    "name": "rightLeg",
                    "parent": "root",
                    "pivot": [
                        -1.9,
                        12,
                        0
                    ],
                    "cubes": [
                        {
                            "origin": [
                                -3.9,
                                0,
                                -2
                            ],
                            "size": [
                                4,
                                12,
                                4
                            ],
                            "uv": [
                                0,
                                16
                            ]
                        }
                    ]
                },
                {
                    "name": "jacket",
                    "parent": "body",
                    "pivot": [
                        0,
                        24,
                        0
                    ],
                    "cubes": []
                },
                {
                    "name": "rightPants",
                    "parent": "rightLeg",
                    "pivot": [
                        -1.9,
                        12,
                        0
                    ],
                    "cubes": []
                },
                {
                    "name": "leftPants",
                    "parent": "leftLeg",
                    "pivot": [
                        1.9,
                        12,
                        0
                    ],
                    "cubes": []
                },
                {
                    "name": "helmet",
                    "parent": "head",
                    "pivot": [
                        0,
                        24,
                        0
                    ],
                    "cubes": [
                        {
                            "origin": [
                                3.99998,
                                27,
                                -1.00002
                            ],
                            "size": [
                                3.00001669,
                                1,
                                1.00003207
                            ],
                            "uv": [
                                32,
                                3
                            ]
                        },
                        {
                            "origin": [
                                4,
                                26,
                                -1
                            ],
                            "size": [
                                2,
                                1,
                                1.0000062
                            ],
                            "uv": [
                                30,
                                1
                            ]
                        },
                        {
                            "origin": [
                                -7,
                                27,
                                -1.00001
                            ],
                            "size": [
                                3,
                                1,
                                1.00002778
                            ],
                            "uv": [
                                24,
                                3
                            ]
                        },
                        {
                            "origin": [
                                -6,
                                26,
                                -1
                            ],
                            "size": [
                                2,
                                1,
                                1.00000668
                            ],
                            "uv": [
                                24,
                                1
                            ]
                        },
                        {
                            "origin": [
                                -4.00017,
                                32,
                                -4.00007
                            ],
                            "size": [
                                8.000626,
                                2,
                                8.000067
                            ],
                            "uv": [
                                32,
                                0
                            ]
                        },
                        {
                            "origin": [
                                -3.0002,
                                34,
                                -2
                            ],
                            "size": [
                                6.000313,
                                1,
                                6.00000668
                            ],
                            "uv": [
                                0,
                                32
                            ]
                        },
                        {
                            "origin": [
                                -1.00004,
                                26,
                                -6
                            ],
                            "size": [
                                2.000064,
                                1,
                                2
                            ],
                            "uv": [
                                24,
                                5
                            ]
                        }
                    ],
                    "mirror": true
                }
            ]
        }
    ]
}