{
    "format_version": "1.12.0",
    "minecraft:geometry": [
        {
            "description": {
                "identifier": "geometry.JourneyToTheWest.lady_earth_flow",
                "texture_width": 64,
                "texture_height": 64
            },
            "bones": [
                {
                    "name": "root",
                    "pivot": [
                        0,
                        0,
                        0
                    ]
                },
                {
                    "name": "body",
                    "parent": "waist",
                    "pivot": [
                        0,
                        24,
                        0
                    ],
                    "cubes": [
                        {
                            "origin": [
                                -4,
                                12,
                                -2
                            ],
                            "size": [
                                8,
                                12,
                                4
                            ],
                            "uv": [
                                16,
                                16
                            ]
                        }
                    ]
                },
                {
                    "name": "waist",
                    "parent": "root",
                    "pivot": [
                        0,
                        12,
                        0
                    ]
                },
                {
                    "name": "head",
                    "parent": "body",
                    "pivot": [
                        0,
                        24,
                        0
                    ],
                    "cubes": [
                        {
                            "origin": [
                                -4,
                                24,
                                -4
                            ],
                            "size": [
                                8,
                                8,
                                8
                            ],
                            "uv": [
                                0,
                                0
                            ]
                        }
                    ]
                },
                {
                    "name": "cape",
                    "pivot": [
                        0,
                        24,
                        3
                    ],
                    "parent": "body"
                },
                {
                    "name": "hat",
                    "parent": "head",
                    "pivot": [
                        0,
                        24,
                        0
                    ],
                    "cubes": [
                        {
                            "origin": [
                                -4,
                                24,
                                -4
                            ],
                            "size": [
                                8,
                                8,
                                8
                            ],
                            "uv": [
                                32,
                                0
                            ],
                            "inflate": 0.5
                        }
                    ]
                },
                {
                    "name": "leftArm",
                    "parent": "body",
                    "pivot": [
                        5,
                        21.5,
                        0
                    ],
                    "cubes": [
                        {
                            "origin": [
                                4,
                                11.5,
                                -2
                            ],
                            "size": [
                                3,
                                12,
                                4
                            ],
                            "uv": [
                                40,
                                16
                            ]
                        }
                    ],
                    "mirror": true
                },
                {
                    "name": "leftSleeve",
                    "parent": "leftArm",
                    "pivot": [
                        5,
                        21.5,
                        0
                    ],
                    "cubes": [
                        {
                            "origin": [
                                4,
                                11.5,
                                -2
                            ],
                            "size": [
                                3,
                                12,
                                4
                            ],
                            "uv": [
                                40,
                                32
                            ],
                            "inflate": 0.25
                        }
                    ],
                    "mirror": true
                },
                {
                    "name": "leftItem",
                    "pivot": [
                        6,
                        15,
                        1
                    ],
                    "parent": "leftArm"
                },
                {
                    "name": "rightArm",
                    "parent": "body",
                    "pivot": [
                        -5,
                        21.5,
                        0
                    ],
                    "cubes": [
                        {
                            "origin": [
                                -7,
                                11.5,
                                -2
                            ],
                            "size": [
                                3,
                                12,
                                4
                            ],
                            "uv": [
                                40,
                                16
                            ]
                        }
                    ]
                },
                {
                    "name": "rightSleeve",
                    "parent": "rightArm",
                    "pivot": [
                        -5,
                        21.5,
                        0
                    ],
                    "cubes": [
                        {
                            "origin": [
                                -7,
                                11.5,
                                -2
                            ],
                            "size": [
                                3,
                                12,
                                4
                            ],
                            "uv": [
                                40,
                                32
                            ],
                            "inflate": 0.25
                        }
                    ]
                },
                {
                    "name": "rightItem",
                    "pivot": [
                        -6,
                        15,
                        1
                    ],
                    "locators": {
                        "lead_hold": [
                            -6,
                            15,
                            1
                        ]
                    },
                    "parent": "rightArm"
                },
                {
                    "name": "leftLeg",
                    "parent": "root",
                    "pivot": [
                        1.9,
                        12,
                        0
                    ],
                    "cubes": [
                        {
                            "origin": [
                                0,
                                0,
                                -2
                            ],
                            "size": [
                                4,
                                12,
                                4
                            ],
                            "uv": [
                                0,
                                16
                            ]
                        }
                    ],
                    "mirror": true
                },
                {
                    "name": "rightLeg",
                    "parent": "root",
                    "pivot": [
                        -1.9,
                        12,
                        0
                    ],
                    "cubes": [
                        {
                            "origin": [
                                -4,
                                0,
                                -2
                            ],
                            "size": [
                                4,
                                12,
                                4
                            ],
                            "uv": [
                                0,
                                16
                            ]
                        }
                    ]
                },
                {
                    "name": "jacket",
                    "parent": "body",
                    "pivot": [
                        0,
                        24,
                        0
                    ],
                    "cubes": [
                        {
                            "origin": [
                                -4,
                                12,
                                -2
                            ],
                            "size": [
                                8,
                                12,
                                4
                            ],
                            "uv": [
                                16,
                                32
                            ],
                            "inflate": 0.25
                        }
                    ]
                },
                {
                    "name": "helmet",
                    "parent": "head",
                    "pivot": [
                        0,
                        24,
                        -2.842171e-16
                    ],
                    "cubes": [
                        {
                            "origin": [
                                -6,
                                32,
                                2
                            ],
                            "size": [
                                3,
                                3,
                                1
                            ],
                            "uv": [
                                6,
                                56
                            ]
                        },
                        {
                            "origin": [
                                5,
                                31,
                                2
                            ],
                            "size": [
                                1,
                                1,
                                1
                            ],
                            "uv": [
                                32,
                                58
                            ]
                        },
                        {
                            "origin": [
                                -6,
                                31,
                                2
                            ],
                            "size": [
                                1,
                                1,
                                1
                            ],
                            "uv": [
                                32,
                                58
                            ]
                        },
                        {
                            "origin": [
                                -5,
                                29,
                                1
                            ],
                            "size": [
                                1,
                                1,
                                1
                            ],
                            "uv": [
                                28,
                                56
                            ]
                        },
                        {
                            "origin": [
                                -6,
                                30,
                                1
                            ],
                            "size": [
                                1,
                                2,
                                1
                            ],
                            "uv": [
                                28,
                                53
                            ]
                        },
                        {
                            "origin": [
                                -7,
                                32,
                                1
                            ],
                            "size": [
                                1,
                                3,
                                1
                            ],
                            "uv": [
                                28,
                                49
                            ]
                        },
                        {
                            "origin": [
                                4,
                                29,
                                1
                            ],
                            "size": [
                                1,
                                1,
                                1
                            ],
                            "uv": [
                                28,
                                56
                            ]
                        },
                        {
                            "origin": [
                                5,
                                30,
                                1
                            ],
                            "size": [
                                1,
                                2,
                                1
                            ],
                            "uv": [
                                28,
                                53
                            ]
                        },
                        {
                            "origin": [
                                6,
                                32,
                                1
                            ],
                            "size": [
                                1,
                                3,
                                1
                            ],
                            "uv": [
                                28,
                                49
                            ]
                        },
                        {
                            "origin": [
                                3,
                                32,
                                2
                            ],
                            "size": [
                                3,
                                3,
                                1
                            ],
                            "uv": [
                                14,
                                56
                            ]
                        },
                        {
                            "origin": [
                                3,
                                34,
                                1
                            ],
                            "size": [
                                1,
                                1,
                                1
                            ],
                            "uv": [
                                12,
                                54
                            ]
                        },
                        {
                            "origin": [
                                -4,
                                34,
                                1
                            ],
                            "size": [
                                1,
                                1,
                                1
                            ],
                            "uv": [
                                12,
                                54
                            ]
                        },
                        {
                            "origin": [
                                4,
                                35,
                                1
                            ],
                            "size": [
                                2,
                                1,
                                1
                            ],
                            "uv": [
                                14,
                                52
                            ]
                        },
                        {
                            "origin": [
                                -6,
                                35,
                                1
                            ],
                            "size": [
                                2,
                                1,
                                1
                            ],
                            "uv": [
                                8,
                                52
                            ]
                        },
                        {
                            "origin": [
                                -5,
                                30,
                                0
                            ],
                            "size": [
                                3,
                                3,
                                1
                            ],
                            "uv": [
                                0,
                                60
                            ]
                        },
                        {
                            "origin": [
                                -2,
                                32,
                                1
                            ],
                            "size": [
                                1,
                                1,
                                2
                            ],
                            "uv": [
                                11,
                                61
                            ]
                        },
                        {
                            "origin": [
                                1,
                                32,
                                1
                            ],
                            "size": [
                                1,
                                1,
                                2
                            ],
                            "uv": [
                                11,
                                61
                            ]
                        },
                        {
                            "origin": [
                                2,
                                33,
                                1
                            ],
                            "size": [
                                1,
                                1,
                                2
                            ],
                            "uv": [
                                11,
                                61
                            ]
                        },
                        {
                            "origin": [
                                -3,
                                33,
                                1
                            ],
                            "size": [
                                1,
                                1,
                                2
                            ],
                            "uv": [
                                11,
                                61
                            ]
                        },
                        {
                            "origin": [
                                -5,
                                32,
                                1
                            ],
                            "size": [
                                1,
                                1,
                                1
                            ],
                            "uv": [
                                9,
                                61
                            ]
                        },
                        {
                            "origin": [
                                4,
                                32,
                                1
                            ],
                            "size": [
                                1,
                                1,
                                1
                            ],
                            "uv": [
                                15,
                                61
                            ]
                        },
                        {
                            "origin": [
                                2,
                                30,
                                0
                            ],
                            "size": [
                                3,
                                3,
                                1
                            ],
                            "uv": [
                                20,
                                60
                            ]
                        },
                        {
                            "origin": [
                                4,
                                30,
                                2
                            ],
                            "size": [
                                1,
                                2,
                                1
                            ],
                            "uv": [
                                28,
                                61
                            ]
                        },
                        {
                            "origin": [
                                -5,
                                30,
                                2
                            ],
                            "size": [
                                1,
                                2,
                                1
                            ],
                            "uv": [
                                28,
                                61
                            ]
                        },
                        {
                            "origin": [
                                2,
                                32,
                                2
                            ],
                            "size": [
                                1,
                                1,
                                2
                            ],
                            "uv": [
                                27,
                                58
                            ]
                        },
                        {
                            "origin": [
                                -3,
                                32,
                                2
                            ],
                            "size": [
                                1,
                                1,
                                2
                            ],
                            "uv": [
                                27,
                                58
                            ]
                        },
                        {
                            "origin": [
                                -5,
                                30,
                                3
                            ],
                            "size": [
                                1,
                                1,
                                1
                            ],
                            "uv": [
                                32,
                                58
                            ]
                        },
                        {
                            "origin": [
                                -5,
                                29,
                                2
                            ],
                            "size": [
                                1,
                                1,
                                1
                            ],
                            "uv": [
                                32,
                                58
                            ]
                        },
                        {
                            "origin": [
                                4,
                                29,
                                2
                            ],
                            "size": [
                                1,
                                1,
                                1
                            ],
                            "uv": [
                                32,
                                58
                            ]
                        },
                        {
                            "origin": [
                                4,
                                30,
                                3
                            ],
                            "size": [
                                1,
                                1,
                                1
                            ],
                            "uv": [
                                32,
                                58
                            ]
                        },
                        {
                            "origin": [
                                -4,
                                30,
                                4
                            ],
                            "size": [
                                1,
                                3,
                                1
                            ],
                            "uv": [
                                32,
                                60
                            ]
                        },
                        {
                            "origin": [
                                3,
                                30,
                                4
                            ],
                            "size": [
                                1,
                                3,
                                1
                            ],
                            "uv": [
                                32,
                                60
                            ]
                        },
                        {
                            "origin": [
                                -5,
                                31,
                                3
                            ],
                            "size": [
                                2,
                                3,
                                1
                            ],
                            "uv": [
                                0,
                                56
                            ]
                        },
                        {
                            "origin": [
                                3,
                                31,
                                3
                            ],
                            "size": [
                                2,
                                3,
                                1
                            ],
                            "uv": [
                                22,
                                56
                            ]
                        },
                        {
                            "origin": [
                                4,
                                29,
                                3
                            ],
                            "size": [
                                1,
                                1,
                                1
                            ],
                            "uv": [
                                32,
                                58
                            ]
                        },
                        {
                            "origin": [
                                -5,
                                29,
                                3
                            ],
                            "size": [
                                1,
                                1,
                                1
                            ],
                            "uv": [
                                32,
                                58
                            ]
                        }
                    ]
                },
                {
                    "name": "rightPants",
                    "parent": "rightLeg",
                    "pivot": [
                        -1.9,
                        12,
                        0
                    ],
                    "cubes": [
                        {
                            "origin": [
                                -4,
                                0,
                                -2
                            ],
                            "size": [
                                4,
                                12,
                                4
                            ],
                            "uv": [
                                0,
                                32
                            ],
                            "inflate": 0.25
                        }
                    ]
                },
                {
                    "name": "leftPants",
                    "parent": "leftLeg",
                    "pivot": [
                        1.9,
                        12,
                        0
                    ],
                    "cubes": [
                        {
                            "origin": [
                                0,
                                0,
                                -2
                            ],
                            "size": [
                                4,
                                12,
                                4
                            ],
                            "uv": [
                                0,
                                32
                            ],
                            "inflate": 0.25
                        }
                    ],
                    "mirror": true
                }
            ]
        }
    ]
}