{
    "format_version": "1.12.0",
    "minecraft:geometry": [
        {
            "description": {
                "identifier": "geometry.GreekMythology.Hydra",
                "texture_width": 64,
                "texture_height": 64
            },
            "bones": [
                {
                    "name": "root",
                    "pivot": [
                        0,
                        0,
                        0
                    ]
                },
                {
                    "name": "body",
                    "parent": "waist",
                    "pivot": [
                        0,
                        24,
                        0
                    ],
                    "cubes": [
                        {
                            "origin": [
                                -4,
                                12,
                                -2
                            ],
                            "size": [
                                8,
                                12,
                                4
                            ],
                            "uv": [
                                16,
                                16
                            ]
                        }
                    ]
                },
                {
                    "name": "waist",
                    "parent": "root",
                    "pivot": [
                        0,
                        12,
                        0
                    ],
                    "cubes": []
                },
                {
                    "name": "head",
                    "parent": "body",
                    "pivot": [
                        0,
                        24,
                        0
                    ],
                    "cubes": [
                        {
                            "origin": [
                                -1.5,
                                28.5,
                                -4.5
                            ],
                            "size": [
                                3,
                                4,
                                5
                            ],
                            "uv": [
                                31,
                                1
                            ]
                        },
                        {
                            "origin": [
                                -4.9,
                                28.9,
                                -4.9
                            ],
                            "size": [
                                3,
                                4,
                                5
                            ],
                            "uv": [
                                48,
                                0
                            ]
                        },
                        {
                            "origin": [
                                1.9,
                                27,
                                -3
                            ],
                            "size": [
                                3,
                                4,
                                5
                            ],
                            "uv": [
                                31,
                                1
                            ]
                        },
                        {
                            "origin": [
                                1.9,
                                31,
                                -1
                            ],
                            "size": [
                                3,
                                1,
                                3
                            ],
                            "uv": [
                                52,
                                16
                            ]
                        },
                        {
                            "origin": [
                                -1,
                                26,
                                2.9
                            ],
                            "size": [
                                2,
                                6,
                                2
                            ],
                            "uv": [
                                20,
                                0
                            ]
                        },
                        {
                            "origin": [
                                2.5,
                                26,
                                2
                            ],
                            "size": [
                                2,
                                4,
                                2
                            ],
                            "uv": [
                                28,
                                0
                            ]
                        },
                        {
                            "origin": [
                                -4.5,
                                30.9,
                                0
                            ],
                            "size": [
                                2,
                                2,
                                2
                            ],
                            "uv": [
                                56,
                                20
                            ]
                        },
                        {
                            "origin": [
                                -4.5,
                                26,
                                1
                            ],
                            "size": [
                                2,
                                5,
                                2
                            ],
                            "uv": [
                                20,
                                0
                            ]
                        },
                        {
                            "origin": [
                                -1.5,
                                32,
                                -4.5
                            ],
                            "size": [
                                3,
                                0,
                                4
                            ],
                            "uv": [
                                32,
                                12
                            ]
                        },
                        {
                            "origin": [
                                1.9,
                                30.1,
                                -3
                            ],
                            "size": [
                                3,
                                0,
                                4
                            ],
                            "uv": [
                                32,
                                12
                            ]
                        },
                        {
                            "origin": [
                                -1.5,
                                29,
                                -4.5
                            ],
                            "size": [
                                3,
                                0,
                                4
                            ],
                            "uv": [
                                29,
                                12
                            ]
                        },
                        {
                            "origin": [
                                1.9,
                                27.1,
                                -3
                            ],
                            "size": [
                                3,
                                0,
                                4
                            ],
                            "uv": [
                                29,
                                12
                            ]
                        },
                        {
                            "origin": [
                                -1.5,
                                29,
                                -1.1
                            ],
                            "size": [
                                3,
                                3,
                                0
                            ],
                            "uv": [
                                36,
                                12
                            ]
                        },
                        {
                            "origin": [
                                1.9,
                                27,
                                -0.2
                            ],
                            "size": [
                                3,
                                3,
                                0
                            ],
                            "uv": [
                                36,
                                12
                            ]
                        },
                        {
                            "origin": [
                                -1.00004,
                                24,
                                0.99996
                            ],
                            "size": [
                                2.00008583,
                                2,
                                2.00008583
                            ],
                            "uv": [
                                20,
                                0
                            ]
                        },
                        {
                            "origin": [
                                -1.00008,
                                30,
                                -3.0e-5
                            ],
                            "size": [
                                2.00013638,
                                2,
                                3.00007057
                            ],
                            "uv": [
                                53,
                                11
                            ]
                        },
                        {
                            "origin": [
                                -3,
                                25,
                                1
                            ],
                            "size": [
                                1,
                                1,
                                1
                            ],
                            "uv": [
                                60,
                                33
                            ]
                        },
                        {
                            "origin": [
                                -4,
                                25,
                                1
                            ],
                            "size": [
                                1,
                                1,
                                1
                            ],
                            "uv": [
                                52,
                                33
                            ]
                        },
                        {
                            "origin": [
                                -3,
                                24,
                                1
                            ],
                            "size": [
                                1,
                                1,
                                1
                            ],
                            "uv": [
                                56,
                                31
                            ]
                        },
                        {
                            "origin": [
                                3,
                                25,
                                1
                            ],
                            "size": [
                                1,
                                1,
                                1
                            ],
                            "uv": [
                                60,
                                33
                            ]
                        },
                        {
                            "origin": [
                                4,
                                25,
                                1
                            ],
                            "size": [
                                1,
                                1,
                                1
                            ],
                            "uv": [
                                56,
                                10
                            ]
                        },
                        {
                            "origin": [
                                4,
                                25,
                                2
                            ],
                            "size": [
                                1,
                                1,
                                1
                            ],
                            "uv": [
                                56,
                                30
                            ]
                        },
                        {
                            "origin": [
                                3,
                                25,
                                2
                            ],
                            "size": [
                                1,
                                1,
                                1
                            ],
                            "uv": [
                                56,
                                9
                            ]
                        },
                        {
                            "origin": [
                                -3,
                                25,
                                2
                            ],
                            "size": [
                                1,
                                1,
                                1
                            ],
                            "uv": [
                                56,
                                31
                            ]
                        },
                        {
                            "origin": [
                                -4,
                                25,
                                2
                            ],
                            "size": [
                                1,
                                1,
                                1
                            ],
                            "uv": [
                                60,
                                34
                            ]
                        },
                        {
                            "origin": [
                                -4,
                                24,
                                1
                            ],
                            "size": [
                                1,
                                1,
                                1
                            ],
                            "uv": [
                                56,
                                29
                            ]
                        },
                        {
                            "origin": [
                                3,
                                24,
                                1
                            ],
                            "size": [
                                1,
                                1,
                                1
                            ],
                            "uv": [
                                55,
                                31
                            ]
                        },
                        {
                            "origin": [
                                4,
                                24,
                                1
                            ],
                            "size": [
                                1,
                                1,
                                1
                            ],
                            "uv": [
                                55,
                                12
                            ]
                        }
                    ]
                },
                {
                    "name": "cape",
                    "pivot": [
                        0,
                        24,
                        3
                    ],
                    "parent": "body"
                },
                {
                    "name": "hat",
                    "parent": "head",
                    "pivot": [
                        0,
                        24,
                        0
                    ],
                    "cubes": []
                },
                {
                    "name": "leftArm",
                    "parent": "body",
                    "pivot": [
                        5,
                        22,
                        0
                    ],
                    "cubes": [
                        {
                            "origin": [
                                4,
                                12,
                                -2
                            ],
                            "size": [
                                4,
                                12,
                                4
                            ],
                            "uv": [
                                32,
                                48
                            ]
                        }
                    ]
                },
                {
                    "name": "leftSleeve",
                    "parent": "leftArm",
                    "pivot": [
                        5,
                        22,
                        0
                    ],
                    "cubes": [
                        {
                            "origin": [
                                4,
                                12,
                                -2
                            ],
                            "size": [
                                4,
                                12,
                                4
                            ],
                            "uv": [
                                48,
                                48
                            ],
                            "inflate": 0.25
                        }
                    ]
                },
                {
                    "name": "leftItem",
                    "pivot": [
                        6,
                        15,
                        1
                    ],
                    "parent": "leftArm",
                    "cubes": []
                },
                {
                    "name": "rightArm",
                    "parent": "body",
                    "pivot": [
                        -5,
                        22,
                        0
                    ],
                    "cubes": [
                        {
                            "origin": [
                                -8,
                                12,
                                -2
                            ],
                            "size": [
                                4,
                                12,
                                4
                            ],
                            "uv": [
                                40,
                                16
                            ]
                        }
                    ]
                },
                {
                    "name": "rightSleeve",
                    "parent": "rightArm",
                    "pivot": [
                        -5,
                        22,
                        0
                    ],
                    "cubes": [
                        {
                            "origin": [
                                -8,
                                12,
                                -2
                            ],
                            "size": [
                                4,
                                12,
                                4
                            ],
                            "uv": [
                                40,
                                32
                            ],
                            "inflate": 0.25
                        }
                    ]
                },
                {
                    "name": "rightItem",
                    "pivot": [
                        -6,
                        15,
                        1
                    ],
                    "locators": {
                        "lead_hold": [
                            -6,
                            15,
                            1
                        ]
                    },
                    "parent": "rightArm",
                    "cubes": []
                },
                {
                    "name": "leftLeg",
                    "parent": "root",
                    "pivot": [
                        1.9,
                        12,
                        0
                    ],
                    "cubes": [
                        {
                            "origin": [
                                -0.1,
                                0,
                                -2
                            ],
                            "size": [
                                4,
                                12,
                                4
                            ],
                            "uv": [
                                16,
                                48
                            ]
                        }
                    ]
                },
                {
                    "name": "rightLeg",
                    "parent": "root",
                    "pivot": [
                        -1.9,
                        12,
                        0
                    ],
                    "cubes": [
                        {
                            "origin": [
                                -3.9,
                                0,
                                -2
                            ],
                            "size": [
                                4,
                                12,
                                4
                            ],
                            "uv": [
                                0,
                                16
                            ]
                        }
                    ]
                },
                {
                    "name": "jacket",
                    "parent": "body",
                    "pivot": [
                        0,
                        24,
                        0
                    ],
                    "cubes": [
                        {
                            "origin": [
                                -4,
                                12,
                                -2
                            ],
                            "size": [
                                8,
                                12,
                                4
                            ],
                            "uv": [
                                16,
                                32
                            ],
                            "inflate": 0.25
                        }
                    ]
                },
                {
                    "name": "leftPants",
                    "parent": "leftLeg",
                    "pivot": [
                        1.9,
                        12,
                        0
                    ],
                    "cubes": [
                        {
                            "origin": [
                                -0.1,
                                0,
                                -2
                            ],
                            "size": [
                                4,
                                12,
                                4
                            ],
                            "uv": [
                                0,
                                48
                            ],
                            "inflate": 0.25
                        }
                    ]
                },
                {
                    "name": "rightPants",
                    "parent": "rightLeg",
                    "pivot": [
                        -1.9,
                        12,
                        0
                    ],
                    "cubes": [
                        {
                            "origin": [
                                -3.9,
                                0,
                                -2
                            ],
                            "size": [
                                4,
                                12,
                                4
                            ],
                            "uv": [
                                0,
                                32
                            ],
                            "inflate": 0.25
                        }
                    ]
                },
                {
                    "name": "leftSock",
                    "parent": "leftLeg",
                    "pivot": [
                        1.9,
                        12,
                        0
                    ],
                    "cubes": []
                },
                {
                    "name": "rightSock",
                    "parent": "rightLeg",
                    "pivot": [
                        -1.9,
                        12,
                        0
                    ],
                    "cubes": []
                },
                {
                    "name": "rightLegging",
                    "parent": "rightLeg",
                    "pivot": [
                        -1.9,
                        12,
                        0
                    ],
                    "cubes": []
                },
                {
                    "name": "leftLegging",
                    "parent": "leftLeg",
                    "pivot": [
                        1.9,
                        12,
                        0
                    ],
                    "cubes": []
                },
                {
                    "name": "helmet",
                    "parent": "head",
                    "pivot": [
                        0,
                        24,
                        0
                    ],
                    "cubes": [
                        {
                            "origin": [
                                -4.9,
                                32.9,
                                -2.9
                            ],
                            "size": [
                                3,
                                1,
                                3
                            ],
                            "uv": [
                                52,
                                16
                            ]
                        },
                        {
                            "origin": [
                                -1.5,
                                32.5,
                                -2.5
                            ],
                            "size": [
                                3,
                                1,
                                3
                            ],
                            "uv": [
                                52,
                                16
                            ]
                        }
                    ]
                },
                {
                    "name": "bodyArmor",
                    "parent": "body",
                    "pivot": [
                        0,
                        24,
                        0
                    ],
                    "cubes": [
                        {
                            "origin": [
                                4,
                                23,
                                2
                            ],
                            "size": [
                                1,
                                1,
                                1
                            ],
                            "uv": [
                                57,
                                12
                            ]
                        },
                        {
                            "origin": [
                                3,
                                23,
                                2
                            ],
                            "size": [
                                1,
                                1,
                                1
                            ],
                            "uv": [
                                55,
                                12
                            ]
                        },
                        {
                            "origin": [
                                4,
                                24,
                                2
                            ],
                            "size": [
                                1,
                                1,
                                1
                            ],
                            "uv": [
                                52,
                                13
                            ]
                        },
                        {
                            "origin": [
                                3,
                                24,
                                2
                            ],
                            "size": [
                                1,
                                1,
                                1
                            ],
                            "uv": [
                                57,
                                12
                            ]
                        },
                        {
                            "origin": [
                                -4,
                                23,
                                2
                            ],
                            "size": [
                                1,
                                1,
                                1
                            ],
                            "uv": [
                                55,
                                33
                            ]
                        },
                        {
                            "origin": [
                                -3,
                                23,
                                2
                            ],
                            "size": [
                                1,
                                1,
                                1
                            ],
                            "uv": [
                                52,
                                32
                            ]
                        },
                        {
                            "origin": [
                                -3,
                                24,
                                2
                            ],
                            "size": [
                                1,
                                1,
                                1
                            ],
                            "uv": [
                                59,
                                33
                            ]
                        },
                        {
                            "origin": [
                                -4,
                                24,
                                2
                            ],
                            "size": [
                                1,
                                1,
                                1
                            ],
                            "uv": [
                                56,
                                30
                            ]
                        }
                    ]
                },
                {
                    "name": "rightBoot",
                    "parent": "rightLeg",
                    "pivot": [
                        -1.9,
                        12,
                        0
                    ],
                    "cubes": [
                        {
                            "origin": [
                                -2,
                                1,
                                5
                            ],
                            "size": [
                                2.00007725,
                                4,
                                4
                            ],
                            "uv": [
                                4,
                                0
                            ]
                        },
                        {
                            "origin": [
                                -1.00003,
                                4,
                                9
                            ],
                            "size": [
                                1.00006628,
                                2,
                                2
                            ],
                            "uv": [
                                21,
                                21
                            ]
                        },
                        {
                            "origin": [
                                -3.9,
                                0,
                                2
                            ],
                            "size": [
                                4,
                                4,
                                4
                            ],
                            "uv": [
                                4,
                                0
                            ]
                        }
                    ]
                },
                {
                    "name": "leftBoot",
                    "parent": "leftLeg",
                    "pivot": [
                        1.9,
                        12,
                        0
                    ],
                    "cubes": [
                        {
                            "origin": [
                                -0.1,
                                0,
                                2
                            ],
                            "size": [
                                4,
                                4,
                                4
                            ],
                            "uv": [
                                4,
                                8
                            ]
                        },
                        {
                            "origin": [
                                0,
                                1,
                                5
                            ],
                            "size": [
                                2.00005722,
                                4,
                                4
                            ],
                            "uv": [
                                4,
                                8
                            ]
                        },
                        {
                            "origin": [
                                0,
                                4,
                                9
                            ],
                            "size": [
                                1.00009739,
                                2,
                                2
                            ],
                            "uv": [
                                21,
                                23
                            ]
                        }
                    ],
                    "mirror": true
                }
            ]
        }
    ]
}