{
    "format_version": "1.12.0",
    "minecraft:geometry": [
        {
            "description": {
                "identifier": "geometry.MashupAdventureTime.Gunter",
                "texture_width": 64,
                "texture_height": 64
            },
            "bones": [
                {
                    "name": "root",
                    "pivot": [
                        0,
                        0,
                        0
                    ]
                },
                {
                    "name": "body",
                    "parent": "waist",
                    "pivot": [
                        0,
                        22,
                        0
                    ],
                    "cubes": [
                        {
                            "origin": [
                                -4,
                                11,
                                -2
                            ],
                            "size": [
                                8,
                                11,
                                4
                            ],
                            "uv": [
                                16,
                                16
                            ]
                        },
                        {
                            "origin": [
                                -4.9,
                                15,
                                -2
                            ],
                            "size": [
                                1,
                                7,
                                4
                            ],
                            "uv": [
                                54,
                                16
                            ]
                        },
                        {
                            "origin": [
                                3.9,
                                15,
                                -2
                            ],
                            "size": [
                                1,
                                7,
                                4
                            ],
                            "uv": [
                                54,
                                16
                            ]
                        }
                    ],
                    "mirror": true
                },
                {
                    "name": "waist",
                    "parent": "root",
                    "pivot": [
                        0,
                        10,
                        0
                    ],
                    "cubes": []
                },
                {
                    "name": "head",
                    "parent": "body",
                    "pivot": [
                        0,
                        22,
                        0
                    ],
                    "cubes": [
                        {
                            "origin": [
                                -4,
                                22,
                                -4
                            ],
                            "size": [
                                8,
                                8,
                                8
                            ],
                            "uv": [
                                0,
                                0
                            ]
                        },
                        {
                            "origin": [
                                -1,
                                23,
                                -4.9
                            ],
                            "size": [
                                2,
                                2,
                                1
                            ],
                            "uv": [
                                0,
                                0
                            ]
                        }
                    ],
                    "mirror": true
                },
                {
                    "name": "cape",
                    "pivot": [
                        0,
                        24,
                        3
                    ],
                    "parent": "body"
                },
                {
                    "name": "hat",
                    "parent": "head",
                    "pivot": [
                        0,
                        22,
                        0
                    ],
                    "cubes": [
                        {
                            "origin": [
                                -4,
                                22,
                                -4
                            ],
                            "size": [
                                8,
                                8,
                                8
                            ],
                            "uv": [
                                32,
                                0
                            ],
                            "inflate": 0.5
                        }
                    ]
                },
                {
                    "name": "leftArm",
                    "parent": "body",
                    "pivot": [
                        5,
                        19.5,
                        0
                    ],
                    "cubes": [
                        {
                            "origin": [
                                4.9,
                                10.5,
                                -2
                            ],
                            "size": [
                                3,
                                11,
                                4
                            ],
                            "uv": [
                                40,
                                16
                            ]
                        }
                    ],
                    "mirror": true
                },
                {
                    "name": "leftSleeve",
                    "parent": "leftArm",
                    "pivot": [
                        5,
                        19.5,
                        0
                    ],
                    "cubes": []
                },
                {
                    "name": "leftItem",
                    "pivot": [
                        6,
                        13.5,
                        1
                    ],
                    "parent": "leftArm",
                    "cubes": []
                },
                {
                    "name": "rightArm",
                    "parent": "body",
                    "pivot": [
                        -5,
                        19.5,
                        0
                    ],
                    "cubes": [
                        {
                            "origin": [
                                -7.9,
                                10.5,
                                -2
                            ],
                            "size": [
                                3,
                                11,
                                4
                            ],
                            "uv": [
                                40,
                                16
                            ]
                        }
                    ]
                },
                {
                    "name": "rightSleeve",
                    "parent": "rightArm",
                    "pivot": [
                        -5,
                        19.5,
                        0
                    ],
                    "cubes": [
                        {
                            "origin": [
                                -7,
                                9.5,
                                -2
                            ],
                            "size": [
                                3,
                                12,
                                4
                            ],
                            "uv": [
                                40,
                                32
                            ],
                            "inflate": 0.25
                        }
                    ]
                },
                {
                    "name": "rightItem",
                    "pivot": [
                        -6,
                        13.5,
                        1
                    ],
                    "locators": {
                        "lead_hold": [
                            -6,
                            15,
                            1
                        ]
                    },
                    "parent": "rightArm",
                    "cubes": []
                },
                {
                    "name": "leftLeg",
                    "parent": "root",
                    "pivot": [
                        1.9,
                        11,
                        0
                    ],
                    "cubes": [
                        {
                            "origin": [
                                -0.2,
                                0,
                                -2
                            ],
                            "size": [
                                4,
                                11,
                                4
                            ],
                            "uv": [
                                0,
                                16
                            ]
                        }
                    ],
                    "mirror": true
                },
                {
                    "name": "rightLeg",
                    "parent": "root",
                    "pivot": [
                        -1.9,
                        11,
                        0
                    ],
                    "cubes": [
                        {
                            "origin": [
                                -3.8,
                                0,
                                -2
                            ],
                            "size": [
                                4,
                                11,
                                4
                            ],
                            "uv": [
                                0,
                                16
                            ]
                        }
                    ]
                },
                {
                    "name": "jacket",
                    "parent": "body",
                    "pivot": [
                        0,
                        22,
                        0
                    ],
                    "cubes": [
                        {
                            "origin": [
                                -4,
                                10,
                                -2
                            ],
                            "size": [
                                8,
                                12,
                                4
                            ],
                            "uv": [
                                16,
                                32
                            ],
                            "inflate": 0.25
                        }
                    ]
                },
                {
                    "name": "leftPants",
                    "parent": "leftLeg",
                    "pivot": [
                        1.9,
                        12,
                        0
                    ],
                    "cubes": [
                        {
                            "origin": [
                                -0.1,
                                0,
                                -2
                            ],
                            "size": [
                                4,
                                12,
                                4
                            ],
                            "uv": [
                                0,
                                48
                            ],
                            "inflate": 0.25
                        }
                    ]
                },
                {
                    "name": "rightPants",
                    "parent": "rightLeg",
                    "pivot": [
                        -1.9,
                        12,
                        0
                    ],
                    "cubes": [
                        {
                            "origin": [
                                -3.9,
                                0,
                                -2
                            ],
                            "size": [
                                4,
                                12,
                                4
                            ],
                            "uv": [
                                0,
                                32
                            ],
                            "inflate": 0.25
                        }
                    ]
                },
                {
                    "name": "helmet",
                    "parent": "head",
                    "pivot": [
                        0,
                        22,
                        0
                    ],
                    "cubes": [
                        {
                            "origin": [
                                -1,
                                23,
                                -5.9
                            ],
                            "size": [
                                2,
                                2,
                                1
                            ],
                            "uv": [
                                0,
                                4
                            ]
                        }
                    ],
                    "mirror": true
                },
                {
                    "name": "bodyArmor",
                    "parent": "body",
                    "pivot": [
                        0,
                        24,
                        0
                    ],
                    "cubes": [
                        {
                            "origin": [
                                -4,
                                15,
                                2
                            ],
                            "size": [
                                8,
                                8,
                                3
                            ],
                            "uv": [
                                42,
                                37
                            ]
                        }
                    ]
                },
                {
                    "name": "helmetArmorOffset",
                    "parent": "head",
                    "pivot": [
                        0,
                        26,
                        0
                    ],
                    "cubes": []
                },
                {
                    "name": "leftLegging",
                    "parent": "leftLeg",
                    "pivot": [
                        1.9,
                        11,
                        0
                    ],
                    "cubes": [
                        {
                            "origin": [
                                3.8,
                                0,
                                -2
                            ],
                            "size": [
                                1,
                                11,
                                4
                            ],
                            "uv": [
                                54,
                                35
                            ]
                        }
                    ],
                    "mirror": true
                },
                {
                    "name": "rightLegging",
                    "parent": "rightLeg",
                    "pivot": [
                        -1.9,
                        11,
                        0
                    ],
                    "cubes": [
                        {
                            "origin": [
                                -4.8,
                                0,
                                -2
                            ],
                            "size": [
                                1,
                                11,
                                4
                            ],
                            "uv": [
                                54,
                                35
                            ]
                        }
                    ]
                },
                {
                    "name": "rightBootArmorOffset",
                    "parent": "rightLeg",
                    "pivot": [
                        -1.9,
                        12,
                        0
                    ],
                    "cubes": []
                },
                {
                    "name": "leftBootArmorOffset",
                    "parent": "leftLeg",
                    "pivot": [
                        1.9,
                        12,
                        0
                    ],
                    "cubes": []
                },
                {
                    "name": "rightLegArmorOffset",
                    "parent": "rightLeg",
                    "pivot": [
                        -1.9,
                        12,
                        0
                    ],
                    "cubes": []
                },
                {
                    "name": "leftLegArmorOffset",
                    "parent": "leftLeg",
                    "pivot": [
                        1.9,
                        12,
                        0
                    ],
                    "cubes": []
                },
                {
                    "name": "belt",
                    "parent": "body",
                    "pivot": [
                        0,
                        22,
                        0
                    ],
                    "cubes": [
                        {
                            "origin": [
                                -4.9,
                                11,
                                -2
                            ],
                            "size": [
                                1,
                                4,
                                4
                            ],
                            "uv": [
                                54,
                                27
                            ]
                        },
                        {
                            "origin": [
                                3.9,
                                11,
                                -2
                            ],
                            "size": [
                                1,
                                4,
                                4
                            ],
                            "uv": [
                                54,
                                27
                            ]
                        }
                    ],
                    "mirror": true
                }
            ]
        }
    ]
}