{
    "format_version": "1.12.0",
    "minecraft:geometry": [
        {
            "description": {
                "identifier": "geometry.GreekMythology.Cerberus",
                "texture_width": 64,
                "texture_height": 64
            },
            "bones": [
                {
                    "name": "root",
                    "pivot": [
                        0,
                        0,
                        0
                    ]
                },
                {
                    "name": "body",
                    "parent": "waist",
                    "pivot": [
                        0,
                        24,
                        0
                    ],
                    "cubes": [
                        {
                            "origin": [
                                -4,
                                12,
                                -2
                            ],
                            "size": [
                                8,
                                12,
                                4
                            ],
                            "uv": [
                                16,
                                16
                            ]
                        }
                    ]
                },
                {
                    "name": "waist",
                    "parent": "root",
                    "pivot": [
                        0,
                        12,
                        0
                    ],
                    "cubes": []
                },
                {
                    "name": "head",
                    "parent": "body",
                    "pivot": [
                        0,
                        24,
                        0
                    ],
                    "cubes": [
                        {
                            "origin": [
                                -3,
                                26.9,
                                -2
                            ],
                            "size": [
                                6,
                                6,
                                6
                            ],
                            "uv": [
                                40,
                                3
                            ]
                        },
                        {
                            "origin": [
                                -2,
                                27,
                                -3.5
                            ],
                            "size": [
                                4,
                                1,
                                2
                            ],
                            "uv": [
                                45,
                                12
                            ]
                        },
                        {
                            "origin": [
                                -2,
                                29,
                                -4
                            ],
                            "size": [
                                1,
                                1,
                                1
                            ],
                            "uv": [
                                12,
                                18
                            ]
                        },
                        {
                            "origin": [
                                -2,
                                28,
                                -3
                            ],
                            "size": [
                                1,
                                1,
                                1
                            ],
                            "uv": [
                                12,
                                18
                            ]
                        },
                        {
                            "origin": [
                                1,
                                29,
                                -4
                            ],
                            "size": [
                                1,
                                1,
                                1
                            ],
                            "uv": [
                                12,
                                18
                            ]
                        },
                        {
                            "origin": [
                                1,
                                28,
                                -3
                            ],
                            "size": [
                                1,
                                1,
                                1
                            ],
                            "uv": [
                                12,
                                18
                            ]
                        },
                        {
                            "origin": [
                                -2.00004,
                                30,
                                -4
                            ],
                            "size": [
                                4.00007439,
                                2,
                                2
                            ],
                            "uv": [
                                48,
                                53
                            ]
                        },
                        {
                            "origin": [
                                -2.50058,
                                23,
                                -0.50005
                            ],
                            "size": [
                                5.00115967,
                                4,
                                2.00010777
                            ],
                            "uv": [
                                4,
                                10
                            ]
                        }
                    ]
                },
                {
                    "name": "cape",
                    "pivot": [
                        0,
                        24,
                        3
                    ],
                    "parent": "body"
                },
                {
                    "name": "hat",
                    "parent": "head",
                    "pivot": [
                        0,
                        24,
                        0
                    ],
                    "cubes": []
                },
                {
                    "name": "leftArm",
                    "parent": "body",
                    "pivot": [
                        5,
                        22,
                        0
                    ],
                    "cubes": [
                        {
                            "origin": [
                                4,
                                12,
                                -2
                            ],
                            "size": [
                                4,
                                12,
                                4
                            ],
                            "uv": [
                                32,
                                48
                            ]
                        }
                    ]
                },
                {
                    "name": "leftSleeve",
                    "parent": "leftArm",
                    "pivot": [
                        5,
                        22,
                        0
                    ],
                    "cubes": [
                        {
                            "origin": [
                                4,
                                12,
                                -2
                            ],
                            "size": [
                                4,
                                12,
                                4
                            ],
                            "uv": [
                                40,
                                32
                            ],
                            "inflate": 0.25
                        }
                    ],
                    "mirror": true
                },
                {
                    "name": "leftItem",
                    "pivot": [
                        6,
                        15,
                        1
                    ],
                    "parent": "leftArm",
                    "cubes": []
                },
                {
                    "name": "rightArm",
                    "parent": "body",
                    "pivot": [
                        -5,
                        22,
                        0
                    ],
                    "cubes": [
                        {
                            "origin": [
                                -8,
                                12,
                                -2
                            ],
                            "size": [
                                4,
                                12,
                                4
                            ],
                            "uv": [
                                40,
                                16
                            ]
                        }
                    ]
                },
                {
                    "name": "rightSleeve",
                    "parent": "rightArm",
                    "pivot": [
                        -5,
                        22,
                        0
                    ],
                    "cubes": [
                        {
                            "origin": [
                                -8,
                                12,
                                -2
                            ],
                            "size": [
                                4,
                                12,
                                4
                            ],
                            "uv": [
                                40,
                                32
                            ],
                            "inflate": 0.25
                        }
                    ]
                },
                {
                    "name": "rightItem",
                    "pivot": [
                        -6,
                        15,
                        1
                    ],
                    "locators": {
                        "lead_hold": [
                            -6,
                            15,
                            1
                        ]
                    },
                    "parent": "rightArm",
                    "cubes": []
                },
                {
                    "name": "leftLeg",
                    "parent": "root",
                    "pivot": [
                        1.9,
                        12,
                        0
                    ],
                    "cubes": [
                        {
                            "origin": [
                                -0.1,
                                0,
                                -2
                            ],
                            "size": [
                                4,
                                12,
                                4
                            ],
                            "uv": [
                                16,
                                48
                            ]
                        }
                    ]
                },
                {
                    "name": "rightLeg",
                    "parent": "root",
                    "pivot": [
                        -1.9,
                        12,
                        0
                    ],
                    "cubes": [
                        {
                            "origin": [
                                -3.9,
                                0,
                                -2
                            ],
                            "size": [
                                4,
                                12,
                                4
                            ],
                            "uv": [
                                0,
                                16
                            ]
                        }
                    ]
                },
                {
                    "name": "jacket",
                    "parent": "body",
                    "pivot": [
                        0,
                        24,
                        0
                    ],
                    "cubes": [
                        {
                            "origin": [
                                -4,
                                12,
                                -2
                            ],
                            "size": [
                                8,
                                12,
                                4
                            ],
                            "uv": [
                                16,
                                32
                            ],
                            "inflate": 0.25
                        }
                    ]
                },
                {
                    "name": "leftPants",
                    "parent": "leftLeg",
                    "pivot": [
                        1.9,
                        12,
                        0
                    ],
                    "cubes": [
                        {
                            "origin": [
                                -0.1,
                                0,
                                -2
                            ],
                            "size": [
                                4,
                                12,
                                4
                            ],
                            "uv": [
                                0,
                                48
                            ],
                            "inflate": 0.25
                        }
                    ]
                },
                {
                    "name": "rightPants",
                    "parent": "rightLeg",
                    "pivot": [
                        -1.9,
                        12,
                        0
                    ],
                    "cubes": [
                        {
                            "origin": [
                                -3.9,
                                0,
                                -2
                            ],
                            "size": [
                                4,
                                12,
                                4
                            ],
                            "uv": [
                                0,
                                32
                            ],
                            "inflate": 0.25
                        }
                    ]
                },
                {
                    "name": "helmet",
                    "parent": "head",
                    "pivot": [
                        0,
                        24,
                        0
                    ],
                    "cubes": [
                        {
                            "origin": [
                                3,
                                25,
                                -7
                            ],
                            "size": [
                                6,
                                6,
                                6
                            ],
                            "uv": [
                                40,
                                3
                            ]
                        },
                        {
                            "origin": [
                                4,
                                28,
                                -9
                            ],
                            "size": [
                                4,
                                2,
                                3
                            ],
                            "uv": [
                                48,
                                48
                            ]
                        },
                        {
                            "origin": [
                                7,
                                27,
                                -9
                            ],
                            "size": [
                                1,
                                1,
                                1
                            ],
                            "uv": [
                                12,
                                18
                            ]
                        },
                        {
                            "origin": [
                                7,
                                26,
                                -8
                            ],
                            "size": [
                                1,
                                1,
                                1
                            ],
                            "uv": [
                                12,
                                18
                            ]
                        },
                        {
                            "origin": [
                                4,
                                26,
                                -8
                            ],
                            "size": [
                                1,
                                1,
                                1
                            ],
                            "uv": [
                                12,
                                18
                            ]
                        },
                        {
                            "origin": [
                                4,
                                27,
                                -9
                            ],
                            "size": [
                                1,
                                1,
                                1
                            ],
                            "uv": [
                                12,
                                18
                            ]
                        },
                        {
                            "origin": [
                                4,
                                25,
                                -9
                            ],
                            "size": [
                                4,
                                1,
                                2
                            ],
                            "uv": [
                                45,
                                12
                            ]
                        },
                        {
                            "origin": [
                                -8,
                                25,
                                -9
                            ],
                            "size": [
                                4,
                                1,
                                2
                            ],
                            "uv": [
                                45,
                                12
                            ]
                        },
                        {
                            "origin": [
                                -5,
                                26,
                                -8
                            ],
                            "size": [
                                1,
                                1,
                                1
                            ],
                            "uv": [
                                12,
                                18
                            ]
                        },
                        {
                            "origin": [
                                -5,
                                27,
                                -9
                            ],
                            "size": [
                                1,
                                1,
                                1
                            ],
                            "uv": [
                                12,
                                18
                            ]
                        },
                        {
                            "origin": [
                                -8,
                                27,
                                -9
                            ],
                            "size": [
                                1,
                                1,
                                1
                            ],
                            "uv": [
                                12,
                                18
                            ]
                        },
                        {
                            "origin": [
                                -8,
                                26,
                                -8
                            ],
                            "size": [
                                1,
                                1,
                                1
                            ],
                            "uv": [
                                12,
                                18
                            ]
                        },
                        {
                            "origin": [
                                -8,
                                28,
                                -9
                            ],
                            "size": [
                                4,
                                2,
                                3
                            ],
                            "uv": [
                                48,
                                48
                            ]
                        },
                        {
                            "origin": [
                                -9,
                                30,
                                -2
                            ],
                            "size": [
                                2,
                                2,
                                2
                            ],
                            "uv": [
                                36,
                                16
                            ]
                        },
                        {
                            "origin": [
                                -4.9,
                                30,
                                -2
                            ],
                            "size": [
                                2,
                                2,
                                2
                            ],
                            "uv": [
                                36,
                                16
                            ]
                        },
                        {
                            "origin": [
                                7,
                                30,
                                -2
                            ],
                            "size": [
                                2,
                                2,
                                2
                            ],
                            "uv": [
                                36,
                                16
                            ]
                        },
                        {
                            "origin": [
                                2.9,
                                30,
                                -2
                            ],
                            "size": [
                                2,
                                2,
                                2
                            ],
                            "uv": [
                                36,
                                16
                            ]
                        },
                        {
                            "origin": [
                                -3,
                                32,
                                3
                            ],
                            "size": [
                                2,
                                2,
                                2
                            ],
                            "uv": [
                                36,
                                16
                            ]
                        },
                        {
                            "origin": [
                                1,
                                32,
                                3
                            ],
                            "size": [
                                2,
                                2,
                                2
                            ],
                            "uv": [
                                36,
                                16
                            ]
                        },
                        {
                            "origin": [
                                -9,
                                25,
                                -7
                            ],
                            "size": [
                                6,
                                6,
                                6
                            ],
                            "uv": [
                                40,
                                3
                            ]
                        },
                        {
                            "origin": [
                                2.49974,
                                23,
                                -2.50013
                            ],
                            "size": [
                                5.000519,
                                4,
                                5.0001297
                            ],
                            "uv": [
                                16,
                                3
                            ]
                        },
                        {
                            "origin": [
                                -7.5,
                                23,
                                -2.5
                            ],
                            "size": [
                                5,
                                4,
                                5.000042
                            ],
                            "uv": [
                                16,
                                3
                            ]
                        }
                    ]
                }
            ]
        }
    ]
}