{
    "format_version": "1.12.0",
    "minecraft:geometry": [
        {
            "description": {
                "identifier": "geometry.ChineseMythology.OneHornedDemonRhinocerosKing",
                "texture_width": 64,
                "texture_height": 64
            },
            "bones": [
                {
                    "name": "root",
                    "pivot": [
                        0,
                        0,
                        0
                    ]
                },
                {
                    "name": "body",
                    "parent": "waist",
                    "pivot": [
                        0,
                        24,
                        0
                    ],
                    "cubes": [
                        {
                            "origin": [
                                -0.1,
                                12,
                                -2
                            ],
                            "size": [
                                4,
                                5,
                                4
                            ],
                            "uv": [
                                0,
                                32
                            ]
                        },
                        {
                            "origin": [
                                -3.9,
                                12,
                                -2
                            ],
                            "size": [
                                4,
                                5,
                                4
                            ],
                            "uv": [
                                0,
                                32
                            ]
                        },
                        {
                            "origin": [
                                -4.9,
                                17,
                                -2
                            ],
                            "size": [
                                5,
                                7,
                                4
                            ],
                            "uv": [
                                16,
                                16
                            ]
                        },
                        {
                            "origin": [
                                -0.1,
                                17,
                                -2
                            ],
                            "size": [
                                5,
                                7,
                                4
                            ],
                            "uv": [
                                16,
                                16
                            ]
                        }
                    ],
                    "mirror": true
                },
                {
                    "name": "waist",
                    "parent": "root",
                    "pivot": [
                        0,
                        12,
                        0
                    ],
                    "cubes": []
                },
                {
                    "name": "head",
                    "parent": "body",
                    "pivot": [
                        0,
                        24,
                        0
                    ],
                    "cubes": [
                        {
                            "origin": [
                                -4,
                                24,
                                -4
                            ],
                            "size": [
                                8,
                                8,
                                8
                            ],
                            "uv": [
                                0,
                                0
                            ]
                        },
                        {
                            "origin": [
                                -1,
                                28,
                                -6
                            ],
                            "size": [
                                2,
                                3,
                                2
                            ],
                            "uv": [
                                0,
                                0
                            ]
                        },
                        {
                            "origin": [
                                -2,
                                24,
                                -7
                            ],
                            "size": [
                                4,
                                4,
                                3
                            ],
                            "uv": [
                                34,
                                48
                            ]
                        },
                        {
                            "origin": [
                                -4.9,
                                28,
                                -4.9
                            ],
                            "size": [
                                3,
                                1,
                                2
                            ],
                            "uv": [
                                24,
                                5
                            ]
                        },
                        {
                            "origin": [
                                1.9,
                                28,
                                -4.9
                            ],
                            "size": [
                                3,
                                1,
                                2
                            ],
                            "uv": [
                                24,
                                5
                            ]
                        }
                    ],
                    "mirror": true
                },
                {
                    "name": "cape",
                    "pivot": [
                        0,
                        24,
                        3
                    ],
                    "parent": "body"
                },
                {
                    "name": "hat",
                    "parent": "head",
                    "pivot": [
                        0,
                        24,
                        0
                    ],
                    "cubes": [
                        {
                            "origin": [
                                -4,
                                24,
                                -4
                            ],
                            "size": [
                                8,
                                8,
                                8
                            ],
                            "uv": [
                                32,
                                0
                            ],
                            "inflate": 0.5
                        }
                    ]
                },
                {
                    "name": "leftArm",
                    "parent": "body",
                    "pivot": [
                        5,
                        22,
                        0
                    ],
                    "cubes": [
                        {
                            "origin": [
                                4.9,
                                12,
                                -2
                            ],
                            "size": [
                                4,
                                12,
                                4
                            ],
                            "uv": [
                                40,
                                16
                            ]
                        }
                    ],
                    "mirror": true
                },
                {
                    "name": "leftSleeve",
                    "parent": "leftArm",
                    "pivot": [
                        5,
                        22,
                        0
                    ],
                    "cubes": []
                },
                {
                    "name": "leftItem",
                    "pivot": [
                        6,
                        15,
                        1
                    ],
                    "parent": "leftArm",
                    "cubes": []
                },
                {
                    "name": "rightArm",
                    "parent": "body",
                    "pivot": [
                        -5,
                        22,
                        0
                    ],
                    "cubes": [
                        {
                            "origin": [
                                -8.9,
                                12,
                                -2
                            ],
                            "size": [
                                4,
                                12,
                                4
                            ],
                            "uv": [
                                40,
                                16
                            ]
                        }
                    ]
                },
                {
                    "name": "rightSleeve",
                    "parent": "rightArm",
                    "pivot": [
                        -5,
                        22,
                        0
                    ],
                    "cubes": []
                },
                {
                    "name": "rightItem",
                    "pivot": [
                        -6,
                        15,
                        1
                    ],
                    "locators": {
                        "lead_hold": [
                            -6,
                            15,
                            1
                        ]
                    },
                    "parent": "rightArm",
                    "cubes": []
                },
                {
                    "name": "leftLeg",
                    "parent": "root",
                    "pivot": [
                        1.9,
                        12,
                        0
                    ],
                    "cubes": [
                        {
                            "origin": [
                                -0.2,
                                0,
                                -2
                            ],
                            "size": [
                                4,
                                12,
                                4
                            ],
                            "uv": [
                                0,
                                16
                            ]
                        }
                    ],
                    "mirror": true
                },
                {
                    "name": "rightLeg",
                    "parent": "root",
                    "pivot": [
                        -1.9,
                        12,
                        0
                    ],
                    "cubes": [
                        {
                            "origin": [
                                -3.8,
                                0,
                                -2
                            ],
                            "size": [
                                4,
                                12,
                                4
                            ],
                            "uv": [
                                0,
                                16
                            ]
                        }
                    ]
                },
                {
                    "name": "jacket",
                    "parent": "body",
                    "pivot": [
                        0,
                        24,
                        0
                    ],
                    "cubes": [
                        {
                            "origin": [
                                -4,
                                12,
                                -2
                            ],
                            "size": [
                                8,
                                12,
                                4
                            ],
                            "uv": [
                                16,
                                32
                            ],
                            "inflate": 0.25
                        }
                    ]
                },
                {
                    "name": "leftLegging",
                    "parent": "leftLeg",
                    "pivot": [
                        1.9,
                        12,
                        0
                    ],
                    "cubes": [
                        {
                            "origin": [
                                3.9,
                                12,
                                -2
                            ],
                            "size": [
                                1,
                                5,
                                4
                            ],
                            "uv": [
                                0,
                                41
                            ]
                        }
                    ],
                    "mirror": true
                },
                {
                    "name": "leftSock",
                    "parent": "leftLeg",
                    "pivot": [
                        1.9,
                        12,
                        0
                    ],
                    "cubes": [
                        {
                            "origin": [
                                3.8,
                                0,
                                -2
                            ],
                            "size": [
                                1,
                                12,
                                4
                            ],
                            "uv": [
                                6,
                                48
                            ]
                        }
                    ],
                    "mirror": true
                },
                {
                    "name": "rightLegging",
                    "parent": "rightLeg",
                    "pivot": [
                        -1.9,
                        12,
                        0
                    ],
                    "cubes": [
                        {
                            "origin": [
                                -4.9,
                                12,
                                -2
                            ],
                            "size": [
                                1,
                                5,
                                4
                            ],
                            "uv": [
                                0,
                                41
                            ]
                        }
                    ]
                },
                {
                    "name": "rightSock",
                    "parent": "rightLeg",
                    "pivot": [
                        -1.9,
                        12,
                        0
                    ],
                    "cubes": [
                        {
                            "origin": [
                                -4.8,
                                0,
                                -2
                            ],
                            "size": [
                                1,
                                12,
                                4
                            ],
                            "uv": [
                                6,
                                48
                            ]
                        }
                    ]
                },
                {
                    "name": "leftPants",
                    "parent": "leftLeg",
                    "pivot": [
                        1.9,
                        12,
                        0
                    ],
                    "cubes": []
                },
                {
                    "name": "rightPants",
                    "parent": "rightLeg",
                    "pivot": [
                        -1.9,
                        12,
                        0
                    ],
                    "cubes": []
                },
                {
                    "name": "helmet",
                    "parent": "head",
                    "pivot": [
                        0,
                        24,
                        0
                    ],
                    "cubes": [
                        {
                            "origin": [
                                -1,
                                31,
                                -5
                            ],
                            "size": [
                                2,
                                4,
                                2
                            ],
                            "uv": [
                                0,
                                0
                            ]
                        },
                        {
                            "origin": [
                                3,
                                31,
                                -2
                            ],
                            "size": [
                                2,
                                2,
                                2
                            ],
                            "uv": [
                                56,
                                0
                            ]
                        },
                        {
                            "origin": [
                                -5,
                                31,
                                -2
                            ],
                            "size": [
                                2,
                                2,
                                2
                            ],
                            "uv": [
                                56,
                                0
                            ]
                        },
                        {
                            "origin": [
                                -3,
                                22,
                                3
                            ],
                            "size": [
                                6,
                                6,
                                4
                            ],
                            "uv": [
                                40,
                                38
                            ]
                        },
                        {
                            "origin": [
                                -2,
                                28,
                                4
                            ],
                            "size": [
                                4,
                                3,
                                2
                            ],
                            "uv": [
                                40,
                                33
                            ]
                        }
                    ],
                    "mirror": true
                },
                {
                    "name": "leftArmArmor",
                    "parent": "leftArm",
                    "pivot": [
                        5,
                        22,
                        0
                    ],
                    "cubes": [
                        {
                            "origin": [
                                3.9,
                                24,
                                -2
                            ],
                            "size": [
                                5,
                                2,
                                4
                            ],
                            "uv": [
                                16,
                                48
                            ]
                        },
                        {
                            "origin": [
                                8.9,
                                20,
                                -2
                            ],
                            "size": [
                                1,
                                5,
                                4
                            ],
                            "uv": [
                                16,
                                54
                            ]
                        }
                    ],
                    "mirror": true
                },
                {
                    "name": "rightArmArmor",
                    "parent": "rightArm",
                    "pivot": [
                        -5,
                        22,
                        0
                    ],
                    "cubes": [
                        {
                            "origin": [
                                -8.9,
                                24,
                                -2
                            ],
                            "size": [
                                5,
                                2,
                                4
                            ],
                            "uv": [
                                16,
                                48
                            ]
                        },
                        {
                            "origin": [
                                -9.9,
                                20,
                                -2
                            ],
                            "size": [
                                1,
                                5,
                                4
                            ],
                            "uv": [
                                16,
                                54
                            ]
                        }
                    ]
                },
                {
                    "name": "bodyArmor",
                    "parent": "body",
                    "pivot": [
                        0,
                        24,
                        0
                    ],
                    "cubes": []
                }
            ]
        }
    ]
}