{
    "format_version": "1.12.0",
    "minecraft:geometry": [
        {
            "description": {
                "identifier": "geometry.MashupAdventureTime.LumpySpacePrincess",
                "texture_width": 64,
                "texture_height": 64
            },
            "bones": [
                {
                    "name": "root",
                    "pivot": [
                        0,
                        0,
                        0
                    ]
                },
                {
                    "name": "body",
                    "parent": "waist",
                    "pivot": [
                        0,
                        22,
                        0
                    ],
                    "cubes": [
                        {
                            "origin": [
                                -4,
                                9,
                                -2
                            ],
                            "size": [
                                8,
                                13,
                                4
                            ],
                            "uv": [
                                16,
                                16
                            ]
                        }
                    ],
                    "mirror": true
                },
                {
                    "name": "waist",
                    "parent": "root",
                    "pivot": [
                        0,
                        10,
                        0
                    ],
                    "cubes": []
                },
                {
                    "name": "head",
                    "parent": "body",
                    "pivot": [
                        0,
                        22,
                        0
                    ],
                    "cubes": [
                        {
                            "origin": [
                                -4,
                                22,
                                -4
                            ],
                            "size": [
                                8,
                                8,
                                8
                            ],
                            "uv": [
                                0,
                                0
                            ]
                        }
                    ]
                },
                {
                    "name": "cape",
                    "pivot": [
                        0,
                        24,
                        3
                    ],
                    "parent": "body"
                },
                {
                    "name": "hat",
                    "parent": "head",
                    "pivot": [
                        0,
                        22,
                        0
                    ],
                    "cubes": []
                },
                {
                    "name": "leftArm",
                    "parent": "body",
                    "pivot": [
                        5,
                        19.5,
                        0
                    ],
                    "cubes": [
                        {
                            "origin": [
                                4.5,
                                11,
                                -1
                            ],
                            "size": [
                                2,
                                10,
                                2
                            ],
                            "uv": [
                                34,
                                50
                            ]
                        }
                    ]
                },
                {
                    "name": "leftSleeve",
                    "parent": "leftArm",
                    "pivot": [
                        5,
                        19.5,
                        0
                    ],
                    "cubes": []
                },
                {
                    "name": "leftItem",
                    "pivot": [
                        6,
                        13.5,
                        1
                    ],
                    "parent": "leftArm",
                    "cubes": []
                },
                {
                    "name": "rightArm",
                    "parent": "body",
                    "pivot": [
                        -5,
                        19.5,
                        0
                    ],
                    "cubes": [
                        {
                            "origin": [
                                -6.5,
                                11,
                                -1
                            ],
                            "size": [
                                2,
                                10,
                                2
                            ],
                            "uv": [
                                42,
                                18
                            ]
                        }
                    ]
                },
                {
                    "name": "rightSleeve",
                    "parent": "rightArm",
                    "pivot": [
                        -5,
                        19.5,
                        0
                    ],
                    "cubes": []
                },
                {
                    "name": "rightItem",
                    "pivot": [
                        -6,
                        13.5,
                        1
                    ],
                    "locators": {
                        "lead_hold": [
                            -6,
                            15,
                            1
                        ]
                    },
                    "parent": "rightArm",
                    "cubes": []
                },
                {
                    "name": "leftLeg",
                    "parent": "root",
                    "pivot": [
                        1.9,
                        12,
                        0
                    ],
                    "cubes": [
                        {
                            "origin": [
                                -0.1,
                                0,
                                -2
                            ],
                            "size": [
                                4,
                                9,
                                4
                            ],
                            "uv": [
                                16,
                                48
                            ]
                        }
                    ]
                },
                {
                    "name": "rightLeg",
                    "parent": "root",
                    "pivot": [
                        -1.9,
                        12,
                        0
                    ],
                    "cubes": [
                        {
                            "origin": [
                                -3.9,
                                0,
                                -2
                            ],
                            "size": [
                                4,
                                9,
                                4
                            ],
                            "uv": [
                                0,
                                16
                            ]
                        }
                    ]
                },
                {
                    "name": "jacket",
                    "parent": "body",
                    "pivot": [
                        0,
                        22,
                        0
                    ],
                    "cubes": []
                },
                {
                    "name": "leftPants",
                    "parent": "leftLeg",
                    "pivot": [
                        1.9,
                        12,
                        0
                    ],
                    "cubes": []
                },
                {
                    "name": "rightPants",
                    "parent": "rightLeg",
                    "pivot": [
                        -1.9,
                        12,
                        0
                    ],
                    "cubes": []
                },
                {
                    "name": "helmet",
                    "parent": "head",
                    "pivot": [
                        0,
                        22,
                        0
                    ],
                    "cubes": [
                        {
                            "origin": [
                                4,
                                22,
                                -4
                            ],
                            "size": [
                                1,
                                4,
                                8
                            ],
                            "uv": [
                                46,
                                36
                            ]
                        },
                        {
                            "origin": [
                                -5,
                                22,
                                -4
                            ],
                            "size": [
                                1,
                                4,
                                8
                            ],
                            "uv": [
                                46,
                                36
                            ]
                        }
                    ],
                    "mirror": true
                },
                {
                    "name": "bodyArmor",
                    "parent": "body",
                    "pivot": [
                        0,
                        22,
                        0
                    ],
                    "cubes": [
                        {
                            "origin": [
                                -7,
                                16,
                                -2
                            ],
                            "size": [
                                3,
                                6,
                                4
                            ],
                            "uv": [
                                46,
                                48
                            ]
                        },
                        {
                            "origin": [
                                -8,
                                17,
                                -2
                            ],
                            "size": [
                                1,
                                4,
                                4
                            ],
                            "uv": [
                                54,
                                0
                            ]
                        },
                        {
                            "origin": [
                                -9,
                                18,
                                -2
                            ],
                            "size": [
                                1,
                                2,
                                4
                            ],
                            "uv": [
                                24,
                                0
                            ]
                        },
                        {
                            "origin": [
                                8,
                                18,
                                -2
                            ],
                            "size": [
                                1,
                                2,
                                4
                            ],
                            "uv": [
                                52,
                                29
                            ]
                        },
                        {
                            "origin": [
                                7,
                                17,
                                -2
                            ],
                            "size": [
                                1,
                                4,
                                4
                            ],
                            "uv": [
                                52,
                                12
                            ]
                        },
                        {
                            "origin": [
                                4,
                                16,
                                -2
                            ],
                            "size": [
                                3,
                                6,
                                4
                            ],
                            "uv": [
                                40,
                                0
                            ]
                        },
                        {
                            "origin": [
                                -7,
                                10,
                                -2
                            ],
                            "size": [
                                3,
                                6,
                                4
                            ],
                            "uv": [
                                16,
                                33
                            ]
                        },
                        {
                            "origin": [
                                -8,
                                11,
                                -2
                            ],
                            "size": [
                                1,
                                5,
                                4
                            ],
                            "uv": [
                                0,
                                41
                            ]
                        },
                        {
                            "origin": [
                                -9,
                                12,
                                -2
                            ],
                            "size": [
                                1,
                                3,
                                4
                            ],
                            "uv": [
                                6,
                                29
                            ]
                        },
                        {
                            "origin": [
                                4,
                                10,
                                -2
                            ],
                            "size": [
                                3,
                                6,
                                4
                            ],
                            "uv": [
                                0,
                                54
                            ]
                        },
                        {
                            "origin": [
                                7,
                                11,
                                -2
                            ],
                            "size": [
                                1,
                                5,
                                4
                            ],
                            "uv": [
                                0,
                                32
                            ]
                        },
                        {
                            "origin": [
                                8,
                                12,
                                -2
                            ],
                            "size": [
                                1,
                                3,
                                4
                            ],
                            "uv": [
                                6,
                                37
                            ]
                        }
                    ],
                    "mirror": true
                }
            ]
        }
    ]
}