{
    "format_version": "1.12.0",
    "minecraft:geometry": [
        {
            "description": {
                "identifier": "geometry.PowerRangers.LordZedd",
                "texture_width": 64,
                "texture_height": 64
            },
            "bones": [
                {
                    "name": "root",
                    "pivot": [
                        0,
                        0,
                        0
                    ]
                },
                {
                    "name": "body",
                    "parent": "waist",
                    "pivot": [
                        0,
                        24,
                        0
                    ],
                    "cubes": [
                        {
                            "origin": [
                                -4,
                                12,
                                -2
                            ],
                            "size": [
                                8,
                                12,
                                4
                            ],
                            "uv": [
                                16,
                                16
                            ]
                        }
                    ]
                },
                {
                    "name": "waist",
                    "parent": "root",
                    "pivot": [
                        0,
                        12,
                        0
                    ],
                    "cubes": []
                },
                {
                    "name": "head",
                    "parent": "body",
                    "pivot": [
                        0,
                        24,
                        0
                    ],
                    "cubes": [
                        {
                            "origin": [
                                -4,
                                24,
                                -4
                            ],
                            "size": [
                                8,
                                8,
                                8
                            ],
                            "uv": [
                                0,
                                0
                            ]
                        },
                        {
                            "origin": [
                                -2.00007,
                                23,
                                -4
                            ],
                            "size": [
                                4.00006962,
                                1,
                                1
                            ],
                            "uv": [
                                54,
                                34
                            ]
                        }
                    ]
                },
                {
                    "name": "cape",
                    "pivot": [
                        0,
                        24,
                        3
                    ],
                    "parent": "body"
                },
                {
                    "name": "hat",
                    "parent": "head",
                    "pivot": [
                        0,
                        24,
                        0
                    ],
                    "cubes": [
                        {
                            "origin": [
                                -4,
                                24,
                                -4.1
                            ],
                            "size": [
                                8,
                                8,
                                8
                            ],
                            "uv": [
                                32,
                                0
                            ],
                            "inflate": 0.5
                        }
                    ]
                },
                {
                    "name": "leftArm",
                    "parent": "body",
                    "pivot": [
                        5,
                        22,
                        0
                    ],
                    "cubes": [
                        {
                            "origin": [
                                4,
                                12,
                                -2
                            ],
                            "size": [
                                4,
                                12,
                                4
                            ],
                            "uv": [
                                32,
                                48
                            ]
                        }
                    ]
                },
                {
                    "name": "leftSleeve",
                    "parent": "leftArm",
                    "pivot": [
                        5,
                        22,
                        0
                    ],
                    "cubes": [
                        {
                            "origin": [
                                4,
                                12,
                                -2
                            ],
                            "size": [
                                4,
                                12,
                                4
                            ],
                            "uv": [
                                48,
                                48
                            ],
                            "inflate": 0.25
                        }
                    ]
                },
                {
                    "name": "leftItem",
                    "pivot": [
                        6,
                        15,
                        1
                    ],
                    "parent": "leftArm",
                    "cubes": []
                },
                {
                    "name": "rightArm",
                    "parent": "body",
                    "pivot": [
                        -5,
                        22,
                        0
                    ],
                    "cubes": [
                        {
                            "origin": [
                                -8,
                                12,
                                -2
                            ],
                            "size": [
                                4,
                                12,
                                4
                            ],
                            "uv": [
                                40,
                                16
                            ]
                        }
                    ]
                },
                {
                    "name": "rightSleeve",
                    "parent": "rightArm",
                    "pivot": [
                        -5,
                        22,
                        0
                    ],
                    "cubes": [
                        {
                            "origin": [
                                -8,
                                12,
                                -2
                            ],
                            "size": [
                                4,
                                12,
                                4
                            ],
                            "uv": [
                                40,
                                32
                            ],
                            "inflate": 0.25
                        }
                    ]
                },
                {
                    "name": "rightItem",
                    "pivot": [
                        -6,
                        15,
                        1
                    ],
                    "locators": {
                        "lead_hold": [
                            -6,
                            15,
                            1
                        ]
                    },
                    "parent": "rightArm",
                    "cubes": []
                },
                {
                    "name": "leftLeg",
                    "parent": "root",
                    "pivot": [
                        1.9,
                        12,
                        0
                    ],
                    "cubes": [
                        {
                            "origin": [
                                -0.1,
                                0,
                                -2
                            ],
                            "size": [
                                4,
                                12,
                                4
                            ],
                            "uv": [
                                16,
                                48
                            ]
                        }
                    ]
                },
                {
                    "name": "rightLeg",
                    "parent": "root",
                    "pivot": [
                        -1.9,
                        12,
                        0
                    ],
                    "cubes": [
                        {
                            "origin": [
                                -3.9,
                                0,
                                -2
                            ],
                            "size": [
                                4,
                                12,
                                4
                            ],
                            "uv": [
                                0,
                                16
                            ]
                        }
                    ]
                },
                {
                    "name": "jacket",
                    "parent": "body",
                    "pivot": [
                        0,
                        24,
                        0
                    ],
                    "cubes": [
                        {
                            "origin": [
                                -4,
                                12,
                                -2
                            ],
                            "size": [
                                8,
                                12,
                                4
                            ],
                            "uv": [
                                16,
                                32
                            ],
                            "inflate": 0.25
                        }
                    ]
                },
                {
                    "name": "leftPants",
                    "parent": "leftLeg",
                    "pivot": [
                        1.9,
                        12,
                        0
                    ],
                    "cubes": [
                        {
                            "origin": [
                                -0.1,
                                0,
                                -2
                            ],
                            "size": [
                                4,
                                12,
                                4
                            ],
                            "uv": [
                                0,
                                48
                            ],
                            "inflate": 0.25
                        }
                    ]
                },
                {
                    "name": "rightPants",
                    "parent": "rightLeg",
                    "pivot": [
                        -1.9,
                        12,
                        0
                    ],
                    "cubes": [
                        {
                            "origin": [
                                -3.9,
                                0,
                                -2
                            ],
                            "size": [
                                4,
                                12,
                                4
                            ],
                            "uv": [
                                0,
                                32
                            ],
                            "inflate": 0.25
                        }
                    ]
                },
                {
                    "name": "helmet",
                    "parent": "head",
                    "pivot": [
                        0,
                        24,
                        0
                    ],
                    "cubes": [
                        {
                            "origin": [
                                -0.5,
                                35,
                                -4
                            ],
                            "size": [
                                1,
                                1,
                                1
                            ],
                            "uv": [
                                56,
                                27
                            ]
                        },
                        {
                            "origin": [
                                -0.50002,
                                34,
                                -5
                            ],
                            "size": [
                                1.000042,
                                1,
                                2
                            ],
                            "uv": [
                                58,
                                29
                            ]
                        },
                        {
                            "origin": [
                                -0.50001,
                                33,
                                -6
                            ],
                            "size": [
                                1.00002337,
                                1,
                                2
                            ],
                            "uv": [
                                56,
                                24
                            ]
                        },
                        {
                            "origin": [
                                -0.5,
                                32,
                                -6
                            ],
                            "size": [
                                1,
                                1,
                                1
                            ],
                            "uv": [
                                60,
                                27
                            ]
                        },
                        {
                            "origin": [
                                -1.0001,
                                30,
                                -6
                            ],
                            "size": [
                                2.00016475,
                                2,
                                2
                            ],
                            "uv": [
                                56,
                                20
                            ]
                        },
                        {
                            "origin": [
                                -1.00002,
                                29,
                                -5
                            ],
                            "size": [
                                2.000015,
                                1,
                                1
                            ],
                            "uv": [
                                52,
                                32
                            ]
                        },
                        {
                            "origin": [
                                2,
                                32,
                                -2
                            ],
                            "size": [
                                1,
                                1,
                                4
                            ],
                            "uv": [
                                24,
                                3
                            ]
                        },
                        {
                            "origin": [
                                -3,
                                32,
                                -2
                            ],
                            "size": [
                                1,
                                1,
                                4
                            ],
                            "uv": [
                                30,
                                2
                            ]
                        },
                        {
                            "origin": [
                                -2.0002,
                                32,
                                -3
                            ],
                            "size": [
                                4.00029469,
                                1,
                                2.00000048
                            ],
                            "uv": [
                                52,
                                17
                            ]
                        },
                        {
                            "origin": [
                                -2.00004,
                                32,
                                -1.00001
                            ],
                            "size": [
                                2.00006747,
                                1,
                                2.00000954
                            ],
                            "uv": [
                                56,
                                36
                            ]
                        },
                        {
                            "origin": [
                                -2.00001,
                                32,
                                0.99999
                            ],
                            "size": [
                                2.00000882,
                                1,
                                1.00001121
                            ],
                            "uv": [
                                56,
                                42
                            ]
                        },
                        {
                            "origin": [
                                -2,
                                32,
                                2
                            ],
                            "size": [
                                4.000046,
                                1,
                                1
                            ],
                            "uv": [
                                24,
                                0
                            ]
                        },
                        {
                            "origin": [
                                -1.0e-5,
                                32,
                                0.99999
                            ],
                            "size": [
                                2.00001454,
                                1,
                                1.00001216
                            ],
                            "uv": [
                                58,
                                44
                            ]
                        },
                        {
                            "origin": [
                                -4.0e-5,
                                32,
                                -1
                            ],
                            "size": [
                                2.000038,
                                1,
                                2
                            ],
                            "uv": [
                                56,
                                39
                            ]
                        }
                    ]
                }
            ]
        }
    ]
}