{
    "format_version": "1.12.0",
    "minecraft:geometry": [
        {
            "description": {
                "identifier": "geometry.BiomeSettlers03.OceanEngineer",
                "texture_width": 64,
                "texture_height": 64
            },
            "bones": [
                {
                    "name": "root",
                    "pivot": [
                        0,
                        0,
                        0
                    ]
                },
                {
                    "name": "body",
                    "parent": "waist",
                    "pivot": [
                        0,
                        24,
                        0
                    ],
                    "cubes": [
                        {
                            "origin": [
                                -4,
                                12,
                                -2
                            ],
                            "size": [
                                8,
                                12,
                                4
                            ],
                            "uv": [
                                16,
                                16
                            ]
                        }
                    ]
                },
                {
                    "name": "waist",
                    "parent": "root",
                    "pivot": [
                        0,
                        12,
                        0
                    ],
                    "cubes": []
                },
                {
                    "name": "head",
                    "parent": "body",
                    "pivot": [
                        0,
                        24,
                        0
                    ],
                    "cubes": [
                        {
                            "origin": [
                                -4,
                                24,
                                -4
                            ],
                            "size": [
                                8,
                                8,
                                8
                            ],
                            "uv": [
                                0,
                                0
                            ]
                        }
                    ]
                },
                {
                    "name": "cape",
                    "pivot": [
                        0,
                        24,
                        3
                    ],
                    "parent": "body"
                },
                {
                    "name": "hat",
                    "parent": "head",
                    "pivot": [
                        0,
                        24,
                        0
                    ],
                    "cubes": [
                        {
                            "origin": [
                                -4,
                                24,
                                -4
                            ],
                            "size": [
                                8,
                                8,
                                8
                            ],
                            "uv": [
                                32,
                                0
                            ],
                            "inflate": 0.5
                        }
                    ]
                },
                {
                    "name": "leftArm",
                    "parent": "body",
                    "pivot": [
                        5,
                        21.5,
                        0
                    ],
                    "cubes": [
                        {
                            "origin": [
                                4,
                                11.5,
                                -2
                            ],
                            "size": [
                                3,
                                12,
                                4
                            ],
                            "uv": [
                                14,
                                48
                            ]
                        }
                    ],
                    "mirror": true
                },
                {
                    "name": "leftSleeve",
                    "parent": "leftArm",
                    "pivot": [
                        5,
                        21.5,
                        0
                    ],
                    "cubes": [
                        {
                            "origin": [
                                4,
                                11.5,
                                -2
                            ],
                            "size": [
                                3,
                                12,
                                4
                            ],
                            "uv": [
                                0,
                                48
                            ],
                            "inflate": 0.25
                        }
                    ],
                    "mirror": true
                },
                {
                    "name": "leftItem",
                    "pivot": [
                        6,
                        14.5,
                        1
                    ],
                    "parent": "leftArm",
                    "cubes": []
                },
                {
                    "name": "rightArm",
                    "parent": "body",
                    "pivot": [
                        -5,
                        21.5,
                        0
                    ],
                    "cubes": [
                        {
                            "origin": [
                                -7,
                                11.5,
                                -2
                            ],
                            "size": [
                                3,
                                12,
                                4
                            ],
                            "uv": [
                                40,
                                16
                            ]
                        }
                    ]
                },
                {
                    "name": "rightSleeve",
                    "parent": "rightArm",
                    "pivot": [
                        -5,
                        21.5,
                        0
                    ],
                    "cubes": [
                        {
                            "origin": [
                                -7,
                                11.5,
                                -2
                            ],
                            "size": [
                                3,
                                12,
                                4
                            ],
                            "uv": [
                                40,
                                32
                            ],
                            "inflate": 0.25
                        }
                    ]
                },
                {
                    "name": "rightItem",
                    "pivot": [
                        -6,
                        14.5,
                        1
                    ],
                    "locators": {
                        "lead_hold": [
                            -6,
                            15,
                            1
                        ]
                    },
                    "parent": "rightArm",
                    "cubes": []
                },
                {
                    "name": "leftLeg",
                    "parent": "root",
                    "pivot": [
                        1.9,
                        12,
                        0
                    ],
                    "cubes": [
                        {
                            "origin": [
                                -0.1,
                                0,
                                -2
                            ],
                            "size": [
                                4,
                                12,
                                4
                            ],
                            "uv": [
                                0,
                                16
                            ]
                        }
                    ],
                    "mirror": true
                },
                {
                    "name": "rightLeg",
                    "parent": "root",
                    "pivot": [
                        -1.9,
                        12,
                        0
                    ],
                    "cubes": [
                        {
                            "origin": [
                                -3.9,
                                0,
                                -2
                            ],
                            "size": [
                                4,
                                12,
                                4
                            ],
                            "uv": [
                                0,
                                16
                            ]
                        }
                    ]
                },
                {
                    "name": "jacket",
                    "parent": "body",
                    "pivot": [
                        0,
                        24,
                        0
                    ],
                    "cubes": [
                        {
                            "origin": [
                                -4,
                                12,
                                -2
                            ],
                            "size": [
                                8,
                                12,
                                4
                            ],
                            "uv": [
                                16,
                                32
                            ],
                            "inflate": 0.25
                        }
                    ]
                },
                {
                    "name": "helmet",
                    "parent": "head",
                    "pivot": [
                        0,
                        24,
                        0
                    ],
                    "cubes": [
                        {
                            "origin": [
                                -1.00009,
                                27,
                                4
                            ],
                            "size": [
                                2.00019622,
                                5,
                                2
                            ],
                            "uv": [
                                55,
                                56
                            ]
                        },
                        {
                            "origin": [
                                -3,
                                26,
                                4
                            ],
                            "size": [
                                1,
                                5,
                                1
                            ],
                            "uv": [
                                59,
                                50
                            ]
                        },
                        {
                            "origin": [
                                -1,
                                28,
                                6
                            ],
                            "size": [
                                2.00001335,
                                1,
                                1
                            ],
                            "uv": [
                                50,
                                32
                            ]
                        },
                        {
                            "origin": [
                                -1.00002,
                                30,
                                6
                            ],
                            "size": [
                                2.000049,
                                2,
                                1
                            ],
                            "uv": [
                                49,
                                52
                            ]
                        },
                        {
                            "origin": [
                                -1.00009,
                                32,
                                -2
                            ],
                            "size": [
                                2.00016117,
                                1,
                                8
                            ],
                            "uv": [
                                43,
                                55
                            ]
                        },
                        {
                            "origin": [
                                -1.00007,
                                33,
                                -2
                            ],
                            "size": [
                                2.00014234,
                                1,
                                7
                            ],
                            "uv": [
                                33,
                                55
                            ]
                        },
                        {
                            "origin": [
                                -1,
                                34,
                                2
                            ],
                            "size": [
                                2.00002742,
                                1,
                                1
                            ],
                            "uv": [
                                50,
                                34
                            ]
                        },
                        {
                            "origin": [
                                -1.00002,
                                34,
                                -1.00001
                            ],
                            "size": [
                                2.000046,
                                1,
                                2.00000525
                            ],
                            "uv": [
                                55,
                                37
                            ]
                        },
                        {
                            "origin": [
                                2,
                                32,
                                -1
                            ],
                            "size": [
                                1,
                                1,
                                4
                            ],
                            "uv": [
                                54,
                                40
                            ]
                        },
                        {
                            "origin": [
                                2,
                                26,
                                4
                            ],
                            "size": [
                                1,
                                5,
                                1
                            ],
                            "uv": [
                                55,
                                50
                            ]
                        },
                        {
                            "origin": [
                                -3,
                                32,
                                -1
                            ],
                            "size": [
                                1,
                                1,
                                4
                            ],
                            "uv": [
                                54,
                                45
                            ]
                        },
                        {
                            "origin": [
                                4,
                                26,
                                -5.0e-5
                            ],
                            "size": [
                                2,
                                4,
                                1.00009668
                            ],
                            "uv": [
                                54,
                                20
                            ]
                        },
                        {
                            "origin": [
                                4,
                                25,
                                0
                            ],
                            "size": [
                                1,
                                1,
                                1
                            ],
                            "uv": [
                                60,
                                18
                            ]
                        },
                        {
                            "origin": [
                                6,
                                28,
                                0
                            ],
                            "size": [
                                1,
                                1,
                                1
                            ],
                            "uv": [
                                56,
                                18
                            ]
                        },
                        {
                            "origin": [
                                5,
                                30,
                                -1.0e-5
                            ],
                            "size": [
                                2,
                                1,
                                1.00001359
                            ],
                            "uv": [
                                50,
                                18
                            ]
                        },
                        {
                            "origin": [
                                -5,
                                25,
                                0
                            ],
                            "size": [
                                1,
                                1,
                                1
                            ],
                            "uv": [
                                60,
                                16
                            ]
                        },
                        {
                            "origin": [
                                -6,
                                26,
                                -5.0e-5
                            ],
                            "size": [
                                2,
                                4,
                                1.00010574
                            ],
                            "uv": [
                                54,
                                25
                            ]
                        },
                        {
                            "origin": [
                                -7,
                                30,
                                -1.0e-5
                            ],
                            "size": [
                                2,
                                1,
                                1.00001931
                            ],
                            "uv": [
                                50,
                                16
                            ]
                        },
                        {
                            "origin": [
                                -7,
                                28,
                                0
                            ],
                            "size": [
                                1,
                                1,
                                1
                            ],
                            "uv": [
                                56,
                                16
                            ]
                        },
                        {
                            "origin": [
                                1.99998,
                                28,
                                -6
                            ],
                            "size": [
                                2.00003147,
                                2,
                                2
                            ],
                            "uv": [
                                32,
                                4
                            ]
                        },
                        {
                            "origin": [
                                -1.00002,
                                28,
                                -6
                            ],
                            "size": [
                                2.000032,
                                2,
                                2
                            ],
                            "uv": [
                                24,
                                4
                            ]
                        },
                        {
                            "origin": [
                                -4,
                                28,
                                -6
                            ],
                            "size": [
                                2,
                                2,
                                2
                            ],
                            "uv": [
                                24,
                                0
                            ]
                        }
                    ]
                },
                {
                    "name": "leftArmArmor",
                    "parent": "leftArm",
                    "pivot": [
                        5.001448,
                        22,
                        0
                    ],
                    "cubes": []
                },
                {
                    "name": "rightArmArmor",
                    "parent": "rightArm",
                    "pivot": [
                        -5,
                        22,
                        0
                    ],
                    "cubes": []
                },
                {
                    "name": "leftPants",
                    "parent": "leftLeg",
                    "pivot": [
                        1.9,
                        12,
                        0
                    ],
                    "cubes": [
                        {
                            "origin": [
                                -0.1,
                                0,
                                -2
                            ],
                            "size": [
                                4,
                                12,
                                4
                            ],
                            "uv": [
                                0,
                                32
                            ],
                            "inflate": 0.25
                        }
                    ],
                    "mirror": true
                },
                {
                    "name": "rightPants",
                    "parent": "rightLeg",
                    "pivot": [
                        -1.9,
                        12,
                        0
                    ],
                    "cubes": [
                        {
                            "origin": [
                                -3.9,
                                0,
                                -2
                            ],
                            "size": [
                                4,
                                12,
                                4
                            ],
                            "uv": [
                                0,
                                32
                            ],
                            "inflate": 0.25
                        }
                    ]
                }
            ]
        }
    ]
}