{
    "format_version": "1.12.0",
    "minecraft:geometry": [
        {
            "description": {
                "identifier": "geometry.MagicTheGathering.Ajani",
                "texture_width": 64,
                "texture_height": 64
            },
            "bones": [
                {
                    "name": "root",
                    "pivot": [
                        0,
                        0,
                        0
                    ]
                },
                {
                    "name": "body",
                    "parent": "waist",
                    "pivot": [
                        0,
                        24,
                        0
                    ],
                    "cubes": [
                        {
                            "origin": [
                                -4,
                                12,
                                -2
                            ],
                            "size": [
                                8,
                                12,
                                4
                            ],
                            "uv": [
                                16,
                                16
                            ]
                        }
                    ]
                },
                {
                    "name": "waist",
                    "parent": "root",
                    "pivot": [
                        0,
                        12,
                        0
                    ],
                    "cubes": []
                },
                {
                    "name": "head",
                    "parent": "body",
                    "pivot": [
                        0,
                        24,
                        0
                    ],
                    "cubes": [
                        {
                            "origin": [
                                -4,
                                24,
                                -4
                            ],
                            "size": [
                                8,
                                8,
                                8
                            ],
                            "uv": [
                                0,
                                0
                            ]
                        }
                    ]
                },
                {
                    "name": "cape",
                    "pivot": [
                        0,
                        24,
                        3
                    ],
                    "parent": "body"
                },
                {
                    "name": "hat",
                    "parent": "head",
                    "pivot": [
                        0,
                        24,
                        0
                    ],
                    "cubes": [
                        {
                            "origin": [
                                -4,
                                24,
                                -4
                            ],
                            "size": [
                                8,
                                8,
                                8
                            ],
                            "uv": [
                                32,
                                0
                            ],
                            "inflate": 0.5
                        }
                    ]
                },
                {
                    "name": "leftArm",
                    "parent": "body",
                    "pivot": [
                        5,
                        22,
                        0
                    ],
                    "cubes": [
                        {
                            "origin": [
                                4,
                                12,
                                -2
                            ],
                            "size": [
                                4,
                                12,
                                4
                            ],
                            "uv": [
                                40,
                                16
                            ]
                        }
                    ],
                    "mirror": true
                },
                {
                    "name": "leftSleeve",
                    "parent": "leftArm",
                    "pivot": [
                        5,
                        22,
                        0
                    ],
                    "cubes": [
                        {
                            "origin": [
                                4,
                                12,
                                -2
                            ],
                            "size": [
                                4,
                                12,
                                4
                            ],
                            "uv": [
                                40,
                                32
                            ],
                            "inflate": 0.25
                        }
                    ],
                    "mirror": true
                },
                {
                    "name": "leftItem",
                    "pivot": [
                        6,
                        15,
                        1
                    ],
                    "parent": "leftArm",
                    "cubes": []
                },
                {
                    "name": "rightArm",
                    "parent": "body",
                    "pivot": [
                        -5,
                        22,
                        0
                    ],
                    "cubes": [
                        {
                            "origin": [
                                -8,
                                12,
                                -2
                            ],
                            "size": [
                                4,
                                12,
                                4
                            ],
                            "uv": [
                                40,
                                16
                            ]
                        }
                    ]
                },
                {
                    "name": "rightSleeve",
                    "parent": "rightArm",
                    "pivot": [
                        -5,
                        22,
                        0
                    ],
                    "cubes": [
                        {
                            "origin": [
                                -8,
                                12,
                                -2
                            ],
                            "size": [
                                4,
                                12,
                                4
                            ],
                            "uv": [
                                34,
                                48
                            ],
                            "inflate": 0.25
                        }
                    ]
                },
                {
                    "name": "rightItem",
                    "pivot": [
                        -6,
                        15,
                        1
                    ],
                    "locators": {
                        "lead_hold": [
                            -6,
                            15,
                            1
                        ]
                    },
                    "parent": "rightArm",
                    "cubes": []
                },
                {
                    "name": "leftLeg",
                    "parent": "root",
                    "pivot": [
                        1.9,
                        12,
                        0
                    ],
                    "cubes": [
                        {
                            "origin": [
                                -0.1,
                                0,
                                -2
                            ],
                            "size": [
                                4,
                                12,
                                4
                            ],
                            "uv": [
                                0,
                                16
                            ]
                        }
                    ],
                    "mirror": true
                },
                {
                    "name": "rightLeg",
                    "parent": "root",
                    "pivot": [
                        -1.9,
                        12,
                        0
                    ],
                    "cubes": [
                        {
                            "origin": [
                                -3.9,
                                0,
                                -2
                            ],
                            "size": [
                                4,
                                12,
                                4
                            ],
                            "uv": [
                                0,
                                16
                            ]
                        }
                    ]
                },
                {
                    "name": "jacket",
                    "parent": "body",
                    "pivot": [
                        0,
                        24,
                        0
                    ],
                    "cubes": [
                        {
                            "origin": [
                                -4,
                                12,
                                -2
                            ],
                            "size": [
                                8,
                                12,
                                4
                            ],
                            "uv": [
                                16,
                                32
                            ],
                            "inflate": 0.25
                        }
                    ]
                },
                {
                    "name": "leftPants",
                    "parent": "leftLeg",
                    "pivot": [
                        1.9,
                        12,
                        0
                    ],
                    "cubes": [
                        {
                            "origin": [
                                -0.1,
                                0,
                                -2
                            ],
                            "size": [
                                4,
                                12,
                                4
                            ],
                            "uv": [
                                0,
                                32
                            ],
                            "inflate": 0.25
                        }
                    ],
                    "mirror": true
                },
                {
                    "name": "rightPants",
                    "parent": "rightLeg",
                    "pivot": [
                        -1.9,
                        12,
                        0
                    ],
                    "cubes": [
                        {
                            "origin": [
                                -3.9,
                                0,
                                -2
                            ],
                            "size": [
                                4,
                                12,
                                4
                            ],
                            "uv": [
                                0,
                                32
                            ],
                            "inflate": 0.25
                        }
                    ]
                },
                {
                    "name": "helmet",
                    "parent": "head",
                    "pivot": [
                        0,
                        24,
                        0
                    ],
                    "cubes": [
                        {
                            "origin": [
                                -4,
                                33,
                                -4
                            ],
                            "size": [
                                1,
                                1,
                                1
                            ],
                            "uv": [
                                36,
                                34
                            ]
                        },
                        {
                            "origin": [
                                -3,
                                32,
                                -4
                            ],
                            "size": [
                                1,
                                1,
                                1
                            ],
                            "uv": [
                                36,
                                34
                            ]
                        },
                        {
                            "origin": [
                                -4,
                                32,
                                -4
                            ],
                            "size": [
                                1,
                                1,
                                1
                            ],
                            "uv": [
                                36,
                                32
                            ]
                        },
                        {
                            "origin": [
                                3,
                                32,
                                -4
                            ],
                            "size": [
                                1,
                                1,
                                1
                            ],
                            "uv": [
                                36,
                                32
                            ]
                        },
                        {
                            "origin": [
                                2,
                                32,
                                -4
                            ],
                            "size": [
                                1,
                                1,
                                1
                            ],
                            "uv": [
                                36,
                                34
                            ]
                        },
                        {
                            "origin": [
                                3,
                                33,
                                -4
                            ],
                            "size": [
                                1,
                                1,
                                1
                            ],
                            "uv": [
                                36,
                                34
                            ]
                        },
                        {
                            "origin": [
                                -2.0001,
                                24,
                                -5
                            ],
                            "size": [
                                4.000174,
                                4,
                                1
                            ],
                            "uv": [
                                24,
                                52
                            ]
                        }
                    ]
                },
                {
                    "name": "bodyArmor",
                    "parent": "body",
                    "pivot": [
                        0,
                        24,
                        0
                    ],
                    "cubes": [
                        {
                            "origin": [
                                0.99988,
                                19,
                                -3.00001
                            ],
                            "size": [
                                3.00026035,
                                3,
                                1.00002
                            ],
                            "uv": [
                                36,
                                16
                            ]
                        },
                        {
                            "origin": [
                                -4,
                                21,
                                3
                            ],
                            "size": [
                                1,
                                1,
                                1
                            ],
                            "uv": [
                                46,
                                50
                            ]
                        },
                        {
                            "origin": [
                                -4,
                                20,
                                3
                            ],
                            "size": [
                                1,
                                1,
                                1
                            ],
                            "uv": [
                                46,
                                50
                            ]
                        },
                        {
                            "origin": [
                                -4,
                                21,
                                2
                            ],
                            "size": [
                                1,
                                1,
                                1
                            ],
                            "uv": [
                                46,
                                50
                            ]
                        },
                        {
                            "origin": [
                                -4,
                                20,
                                2
                            ],
                            "size": [
                                1,
                                1,
                                1
                            ],
                            "uv": [
                                46,
                                50
                            ]
                        },
                        {
                            "origin": [
                                -4,
                                21,
                                4
                            ],
                            "size": [
                                1,
                                1,
                                1
                            ],
                            "uv": [
                                46,
                                50
                            ]
                        },
                        {
                            "origin": [
                                -4,
                                20,
                                4
                            ],
                            "size": [
                                1,
                                1,
                                1
                            ],
                            "uv": [
                                46,
                                50
                            ]
                        },
                        {
                            "origin": [
                                -4,
                                19,
                                4
                            ],
                            "size": [
                                1,
                                1,
                                1
                            ],
                            "uv": [
                                46,
                                50
                            ]
                        },
                        {
                            "origin": [
                                -5,
                                11,
                                5
                            ],
                            "size": [
                                1,
                                8,
                                1
                            ],
                            "uv": [
                                16,
                                48
                            ]
                        },
                        {
                            "origin": [
                                -4,
                                11,
                                5
                            ],
                            "size": [
                                1,
                                8,
                                1
                            ],
                            "uv": [
                                12,
                                53
                            ]
                        },
                        {
                            "origin": [
                                -6,
                                11,
                                5
                            ],
                            "size": [
                                1,
                                4,
                                1
                            ],
                            "uv": [
                                12,
                                48
                            ]
                        },
                        {
                            "origin": [
                                -3,
                                10,
                                5
                            ],
                            "size": [
                                1,
                                5,
                                1
                            ],
                            "uv": [
                                0,
                                58
                            ]
                        },
                        {
                            "origin": [
                                -8,
                                11,
                                5
                            ],
                            "size": [
                                1,
                                1,
                                1
                            ],
                            "uv": [
                                20,
                                59
                            ]
                        },
                        {
                            "origin": [
                                -3,
                                8,
                                5
                            ],
                            "size": [
                                1,
                                2,
                                1
                            ],
                            "uv": [
                                18,
                                61
                            ]
                        },
                        {
                            "origin": [
                                -4,
                                8,
                                5
                            ],
                            "size": [
                                1,
                                3,
                                1
                            ],
                            "uv": [
                                16,
                                16
                            ]
                        },
                        {
                            "origin": [
                                -6,
                                8,
                                5
                            ],
                            "size": [
                                1,
                                3,
                                1
                            ],
                            "uv": [
                                12,
                                16
                            ]
                        },
                        {
                            "origin": [
                                -7,
                                8,
                                5
                            ],
                            "size": [
                                1.000005,
                                3,
                                1
                            ],
                            "uv": [
                                40,
                                32
                            ]
                        },
                        {
                            "origin": [
                                -8,
                                10,
                                5
                            ],
                            "size": [
                                1,
                                1,
                                1
                            ],
                            "uv": [
                                19,
                                56
                            ]
                        },
                        {
                            "origin": [
                                -8,
                                9,
                                5
                            ],
                            "size": [
                                1,
                                1,
                                1
                            ],
                            "uv": [
                                10,
                                62
                            ]
                        },
                        {
                            "origin": [
                                -9,
                                9,
                                5
                            ],
                            "size": [
                                1,
                                1,
                                1
                            ],
                            "uv": [
                                14,
                                62
                            ]
                        },
                        {
                            "origin": [
                                -5,
                                8,
                                5
                            ],
                            "size": [
                                1,
                                3,
                                1
                            ],
                            "uv": [
                                52,
                                32
                            ]
                        },
                        {
                            "origin": [
                                -8,
                                28,
                                5
                            ],
                            "size": [
                                1,
                                2,
                                1
                            ],
                            "uv": [
                                31,
                                0
                            ]
                        },
                        {
                            "origin": [
                                -7,
                                27,
                                5
                            ],
                            "size": [
                                1,
                                3,
                                1
                            ],
                            "uv": [
                                26,
                                48
                            ]
                        },
                        {
                            "origin": [
                                -6,
                                28,
                                5
                            ],
                            "size": [
                                1,
                                3,
                                1
                            ],
                            "uv": [
                                30,
                                48
                            ]
                        },
                        {
                            "origin": [
                                -5,
                                24,
                                5
                            ],
                            "size": [
                                1,
                                3,
                                1
                            ],
                            "uv": [
                                34,
                                48
                            ]
                        },
                        {
                            "origin": [
                                -4,
                                24,
                                5
                            ],
                            "size": [
                                1,
                                3,
                                1
                            ],
                            "uv": [
                                0,
                                32
                            ]
                        },
                        {
                            "origin": [
                                -3,
                                28,
                                5
                            ],
                            "size": [
                                1,
                                3,
                                1
                            ],
                            "uv": [
                                12,
                                32
                            ]
                        },
                        {
                            "origin": [
                                -2,
                                28,
                                5
                            ],
                            "size": [
                                1.00000572,
                                3,
                                1
                            ],
                            "uv": [
                                16,
                                32
                            ]
                        },
                        {
                            "origin": [
                                -3,
                                24,
                                5
                            ],
                            "size": [
                                1,
                                4,
                                1
                            ],
                            "uv": [
                                0,
                                53
                            ]
                        },
                        {
                            "origin": [
                                -6,
                                24,
                                5
                            ],
                            "size": [
                                1,
                                4,
                                1
                            ],
                            "uv": [
                                0,
                                48
                            ]
                        },
                        {
                            "origin": [
                                -4,
                                19,
                                5
                            ],
                            "size": [
                                1,
                                5,
                                1
                            ],
                            "uv": [
                                4,
                                48
                            ]
                        },
                        {
                            "origin": [
                                -5,
                                19,
                                5
                            ],
                            "size": [
                                1,
                                5,
                                1
                            ],
                            "uv": [
                                4,
                                54
                            ]
                        },
                        {
                            "origin": [
                                -4,
                                27,
                                5
                            ],
                            "size": [
                                1,
                                5,
                                1
                            ],
                            "uv": [
                                8,
                                48
                            ]
                        },
                        {
                            "origin": [
                                -5,
                                27,
                                5
                            ],
                            "size": [
                                1,
                                5,
                                1
                            ],
                            "uv": [
                                8,
                                54
                            ]
                        },
                        {
                            "origin": [
                                -1.00001,
                                27,
                                5
                            ],
                            "size": [
                                1.00002527,
                                4,
                                1
                            ],
                            "uv": [
                                20,
                                48
                            ]
                        },
                        {
                            "origin": [
                                -3,
                                31,
                                5
                            ],
                            "size": [
                                2.00000477,
                                1,
                                1
                            ],
                            "uv": [
                                4,
                                62
                            ]
                        },
                        {
                            "origin": [
                                -6,
                                31,
                                5
                            ],
                            "size": [
                                1,
                                1,
                                1
                            ],
                            "uv": [
                                4,
                                60
                            ]
                        },
                        {
                            "origin": [
                                -7,
                                30,
                                5
                            ],
                            "size": [
                                1,
                                1,
                                1
                            ],
                            "uv": [
                                8,
                                60
                            ]
                        },
                        {
                            "origin": [
                                -1.0e-5,
                                27,
                                5
                            ],
                            "size": [
                                1.00001311,
                                3,
                                1
                            ],
                            "uv": [
                                0,
                                16
                            ]
                        },
                        {
                            "origin": [
                                1,
                                27,
                                5
                            ],
                            "size": [
                                1,
                                2,
                                1
                            ],
                            "uv": [
                                20,
                                53
                            ]
                        },
                        {
                            "origin": [
                                -7,
                                7,
                                5
                            ],
                            "size": [
                                5.00005627,
                                1,
                                1
                            ],
                            "uv": [
                                22,
                                57
                            ]
                        },
                        {
                            "origin": [
                                -8,
                                8,
                                5
                            ],
                            "size": [
                                1,
                                1,
                                1
                            ],
                            "uv": [
                                46,
                                48
                            ]
                        },
                        {
                            "origin": [
                                -2,
                                8,
                                5
                            ],
                            "size": [
                                1,
                                3,
                                1
                            ],
                            "uv": [
                                16,
                                57
                            ]
                        },
                        {
                            "origin": [
                                -9,
                                10,
                                5
                            ],
                            "size": [
                                1,
                                2,
                                1
                            ],
                            "uv": [
                                24,
                                59
                            ]
                        },
                        {
                            "origin": [
                                -10,
                                10,
                                5
                            ],
                            "size": [
                                1,
                                2,
                                1
                            ],
                            "uv": [
                                30,
                                59
                            ]
                        }
                    ]
                },
                {
                    "name": "leftArmArmor",
                    "parent": "leftArm",
                    "pivot": [
                        5,
                        22,
                        0
                    ],
                    "cubes": [
                        {
                            "origin": [
                                8,
                                20,
                                -3.0e-5
                            ],
                            "size": [
                                1,
                                6,
                                3.00004864
                            ],
                            "uv": [
                                56,
                                52
                            ]
                        },
                        {
                            "origin": [
                                8,
                                20,
                                -3.00004
                            ],
                            "size": [
                                1,
                                6,
                                3.00007057
                            ],
                            "uv": [
                                56,
                                16
                            ]
                        },
                        {
                            "origin": [
                                7,
                                25,
                                -1
                            ],
                            "size": [
                                1,
                                1,
                                1
                            ],
                            "uv": [
                                50,
                                54
                            ]
                        },
                        {
                            "origin": [
                                7,
                                25,
                                1
                            ],
                            "size": [
                                1,
                                1,
                                1
                            ],
                            "uv": [
                                55,
                                17
                            ]
                        },
                        {
                            "origin": [
                                5,
                                25,
                                -1.0e-5
                            ],
                            "size": [
                                2,
                                1,
                                1.00001121
                            ],
                            "uv": [
                                50,
                                50
                            ]
                        },
                        {
                            "origin": [
                                7,
                                25,
                                0
                            ],
                            "size": [
                                1,
                                1,
                                1
                            ],
                            "uv": [
                                55,
                                17
                            ]
                        },
                        {
                            "origin": [
                                5,
                                25,
                                -1
                            ],
                            "size": [
                                2,
                                1,
                                1.00000286
                            ],
                            "uv": [
                                24,
                                0
                            ]
                        },
                        {
                            "origin": [
                                7,
                                25,
                                -2
                            ],
                            "size": [
                                1,
                                1,
                                1
                            ],
                            "uv": [
                                50,
                                61
                            ]
                        },
                        {
                            "origin": [
                                5,
                                25,
                                -2
                            ],
                            "size": [
                                2,
                                1,
                                1
                            ],
                            "uv": [
                                50,
                                56
                            ]
                        },
                        {
                            "origin": [
                                7,
                                20,
                                -3.00002
                            ],
                            "size": [
                                1,
                                6,
                                1.00003719
                            ],
                            "uv": [
                                56,
                                45
                            ]
                        },
                        {
                            "origin": [
                                3.99991,
                                20,
                                -3.00004
                            ],
                            "size": [
                                3.0001688,
                                6,
                                1.00008392
                            ],
                            "uv": [
                                56,
                                32
                            ]
                        },
                        {
                            "origin": [
                                3.99994,
                                20,
                                1.99997
                            ],
                            "size": [
                                3.000105,
                                6,
                                1.00005341
                            ],
                            "uv": [
                                56,
                                25
                            ]
                        },
                        {
                            "origin": [
                                7,
                                20,
                                1.99999
                            ],
                            "size": [
                                1,
                                6,
                                1.00002575
                            ],
                            "uv": [
                                60,
                                45
                            ]
                        },
                        {
                            "origin": [
                                5,
                                25,
                                1
                            ],
                            "size": [
                                2,
                                1,
                                1.00000882
                            ],
                            "uv": [
                                50,
                                48
                            ]
                        },
                        {
                            "origin": [
                                4,
                                25,
                                1
                            ],
                            "size": [
                                1,
                                1,
                                1
                            ],
                            "uv": [
                                52,
                                16
                            ]
                        },
                        {
                            "origin": [
                                4,
                                25,
                                0
                            ],
                            "size": [
                                1,
                                1,
                                1
                            ],
                            "uv": [
                                52,
                                16
                            ]
                        },
                        {
                            "origin": [
                                4,
                                25,
                                -1
                            ],
                            "size": [
                                1,
                                1,
                                1
                            ],
                            "uv": [
                                52,
                                16
                            ]
                        },
                        {
                            "origin": [
                                4,
                                25,
                                -2
                            ],
                            "size": [
                                1,
                                1,
                                1
                            ],
                            "uv": [
                                52,
                                16
                            ]
                        },
                        {
                            "origin": [
                                4,
                                24,
                                -2
                            ],
                            "size": [
                                1,
                                1,
                                1
                            ],
                            "uv": [
                                52,
                                18
                            ]
                        },
                        {
                            "origin": [
                                4,
                                24,
                                -1
                            ],
                            "size": [
                                1,
                                1,
                                1
                            ],
                            "uv": [
                                52,
                                18
                            ]
                        },
                        {
                            "origin": [
                                4,
                                24,
                                0
                            ],
                            "size": [
                                1,
                                1,
                                1
                            ],
                            "uv": [
                                52,
                                18
                            ]
                        },
                        {
                            "origin": [
                                4,
                                24,
                                1
                            ],
                            "size": [
                                1,
                                1,
                                1
                            ],
                            "uv": [
                                52,
                                18
                            ]
                        },
                        {
                            "origin": [
                                7.5,
                                19,
                                -1.5
                            ],
                            "size": [
                                1,
                                1,
                                3
                            ],
                            "uv": [
                                25,
                                60
                            ]
                        },
                        {
                            "origin": [
                                3.5,
                                19,
                                -2.5
                            ],
                            "size": [
                                5,
                                1,
                                1
                            ],
                            "uv": [
                                22,
                                62
                            ]
                        },
                        {
                            "origin": [
                                3.99994,
                                19,
                                1.5
                            ],
                            "size": [
                                4.500062,
                                1,
                                1
                            ],
                            "uv": [
                                22,
                                62
                            ]
                        },
                        {
                            "origin": [
                                2.4,
                                15.4,
                                -1.49999
                            ],
                            "size": [
                                1,
                                1,
                                3
                            ],
                            "uv": [
                                25,
                                60
                            ]
                        }
                    ],
                    "mirror": true
                },
                {
                    "name": "rightArmArmor",
                    "parent": "rightArm",
                    "pivot": [
                        -5,
                        22,
                        0
                    ],
                    "cubes": [
                        {
                            "origin": [
                                -9,
                                20,
                                -2.0e-5
                            ],
                            "size": [
                                1,
                                5,
                                3.00004053
                            ],
                            "uv": [
                                56,
                                0
                            ]
                        },
                        {
                            "origin": [
                                -9,
                                20,
                                -3.00001
                            ],
                            "size": [
                                1,
                                5,
                                3.00001574
                            ],
                            "uv": [
                                32,
                                0
                            ]
                        },
                        {
                            "origin": [
                                -8,
                                24,
                                -2
                            ],
                            "size": [
                                1,
                                1,
                                2
                            ],
                            "uv": [
                                50,
                                58
                            ]
                        },
                        {
                            "origin": [
                                -8,
                                24,
                                0
                            ],
                            "size": [
                                4,
                                1,
                                2.00003338
                            ],
                            "uv": [
                                52,
                                61
                            ]
                        },
                        {
                            "origin": [
                                -7,
                                24,
                                -2.00001
                            ],
                            "size": [
                                3,
                                1,
                                1.0000155
                            ],
                            "uv": [
                                50,
                                52
                            ]
                        },
                        {
                            "origin": [
                                -7,
                                24,
                                -1.00003
                            ],
                            "size": [
                                3,
                                1,
                                1.000053
                            ],
                            "uv": [
                                0,
                                0
                            ]
                        },
                        {
                            "origin": [
                                -8,
                                20,
                                2
                            ],
                            "size": [
                                1,
                                5,
                                1
                            ],
                            "uv": [
                                56,
                                39
                            ]
                        },
                        {
                            "origin": [
                                -7,
                                20,
                                1.99997
                            ],
                            "size": [
                                3,
                                5,
                                1.00006819
                            ],
                            "uv": [
                                0,
                                2
                            ]
                        },
                        {
                            "origin": [
                                -8,
                                20,
                                -3.00001
                            ],
                            "size": [
                                1,
                                5,
                                1.00001192
                            ],
                            "uv": [
                                60,
                                39
                            ]
                        },
                        {
                            "origin": [
                                -7,
                                20,
                                -3.00001
                            ],
                            "size": [
                                3,
                                5,
                                1.00002766
                            ],
                            "uv": [
                                24,
                                2
                            ]
                        }
                    ]
                }
            ]
        }
    ]
}