{
    "format_version": "1.12.0",
    "minecraft:geometry": [
        {
            "description": {
                "identifier": "geometry.MagicTheGathering.Emrakul",
                "texture_width": 64,
                "texture_height": 64
            },
            "bones": [
                {
                    "name": "root",
                    "pivot": [
                        0,
                        0,
                        0
                    ]
                },
                {
                    "name": "body",
                    "parent": "waist",
                    "pivot": [
                        0,
                        24,
                        0
                    ],
                    "cubes": [
                        {
                            "origin": [
                                -4,
                                12,
                                -2
                            ],
                            "size": [
                                8,
                                12,
                                4
                            ],
                            "uv": [
                                16,
                                16
                            ]
                        }
                    ]
                },
                {
                    "name": "waist",
                    "parent": "root",
                    "pivot": [
                        0,
                        12,
                        0
                    ],
                    "cubes": []
                },
                {
                    "name": "head",
                    "parent": "body",
                    "pivot": [
                        0,
                        24,
                        0
                    ],
                    "cubes": [
                        {
                            "origin": [
                                -4.00026,
                                24,
                                -4.00021
                            ],
                            "size": [
                                8.000517,
                                8,
                                8.000214
                            ],
                            "uv": [
                                0,
                                0
                            ]
                        }
                    ]
                },
                {
                    "name": "cape",
                    "pivot": [
                        0,
                        24,
                        3
                    ],
                    "parent": "body"
                },
                {
                    "name": "hat",
                    "parent": "head",
                    "pivot": [
                        0,
                        24,
                        0
                    ],
                    "cubes": []
                },
                {
                    "name": "leftArm",
                    "parent": "body",
                    "pivot": [
                        5,
                        22,
                        0
                    ],
                    "cubes": [
                        {
                            "origin": [
                                4,
                                12,
                                -2
                            ],
                            "size": [
                                4,
                                12,
                                4
                            ],
                            "uv": [
                                16,
                                48
                            ]
                        }
                    ],
                    "mirror": true
                },
                {
                    "name": "leftSleeve",
                    "parent": "leftArm",
                    "pivot": [
                        5,
                        22,
                        0
                    ],
                    "cubes": [
                        {
                            "origin": [
                                4,
                                12,
                                -2
                            ],
                            "size": [
                                4,
                                12,
                                4
                            ],
                            "uv": [
                                40,
                                32
                            ],
                            "inflate": 0.25
                        }
                    ],
                    "mirror": true
                },
                {
                    "name": "leftItem",
                    "pivot": [
                        6,
                        15,
                        1
                    ],
                    "parent": "leftArm",
                    "cubes": []
                },
                {
                    "name": "rightArm",
                    "parent": "body",
                    "pivot": [
                        -5,
                        22,
                        0
                    ],
                    "cubes": [
                        {
                            "origin": [
                                -8,
                                12,
                                -2
                            ],
                            "size": [
                                4,
                                12,
                                4
                            ],
                            "uv": [
                                40,
                                16
                            ]
                        }
                    ]
                },
                {
                    "name": "rightSleeve",
                    "parent": "rightArm",
                    "pivot": [
                        -5,
                        22,
                        0
                    ],
                    "cubes": [
                        {
                            "origin": [
                                -8,
                                12,
                                -2
                            ],
                            "size": [
                                4,
                                12,
                                4
                            ],
                            "uv": [
                                40,
                                32
                            ],
                            "inflate": 0.25
                        }
                    ]
                },
                {
                    "name": "rightItem",
                    "pivot": [
                        -6,
                        15,
                        1
                    ],
                    "locators": {
                        "lead_hold": [
                            -6,
                            15,
                            1
                        ]
                    },
                    "parent": "rightArm",
                    "cubes": []
                },
                {
                    "name": "leftLeg",
                    "parent": "root",
                    "pivot": [
                        1.9,
                        12,
                        0
                    ],
                    "cubes": [
                        {
                            "origin": [
                                -0.1,
                                0,
                                -2
                            ],
                            "size": [
                                4,
                                12,
                                4
                            ],
                            "uv": [
                                0,
                                16
                            ]
                        }
                    ],
                    "mirror": true
                },
                {
                    "name": "rightLeg",
                    "parent": "root",
                    "pivot": [
                        -1.9,
                        12,
                        0
                    ],
                    "cubes": [
                        {
                            "origin": [
                                -3.9,
                                0,
                                -2
                            ],
                            "size": [
                                4,
                                12,
                                4
                            ],
                            "uv": [
                                0,
                                16
                            ]
                        }
                    ]
                },
                {
                    "name": "jacket",
                    "parent": "body",
                    "pivot": [
                        0,
                        24,
                        0
                    ],
                    "cubes": [
                        {
                            "origin": [
                                -4,
                                12,
                                -2
                            ],
                            "size": [
                                8,
                                12,
                                4
                            ],
                            "uv": [
                                16,
                                32
                            ],
                            "inflate": 0.25
                        }
                    ]
                },
                {
                    "name": "leftPants",
                    "parent": "leftLeg",
                    "pivot": [
                        1.9,
                        12,
                        0
                    ],
                    "cubes": [
                        {
                            "origin": [
                                -0.1,
                                0,
                                -2
                            ],
                            "size": [
                                4,
                                12,
                                4
                            ],
                            "uv": [
                                0,
                                48
                            ],
                            "inflate": 0.25
                        }
                    ],
                    "mirror": true
                },
                {
                    "name": "rightPants",
                    "parent": "rightLeg",
                    "pivot": [
                        -1.9,
                        12,
                        0
                    ],
                    "cubes": [
                        {
                            "origin": [
                                -3.9,
                                0,
                                -2
                            ],
                            "size": [
                                4,
                                12,
                                4
                            ],
                            "uv": [
                                0,
                                32
                            ],
                            "inflate": 0.25
                        }
                    ]
                },
                {
                    "name": "helmet",
                    "parent": "head",
                    "pivot": [
                        0,
                        24,
                        0
                    ],
                    "cubes": [
                        {
                            "origin": [
                                -8,
                                27,
                                -3
                            ],
                            "size": [
                                3,
                                2,
                                6
                            ],
                            "uv": [
                                42,
                                48
                            ]
                        },
                        {
                            "origin": [
                                -8,
                                24,
                                -5
                            ],
                            "size": [
                                3,
                                3,
                                11
                            ],
                            "uv": [
                                36,
                                2
                            ]
                        },
                        {
                            "origin": [
                                -8,
                                27,
                                3
                            ],
                            "size": [
                                3,
                                1,
                                3
                            ],
                            "uv": [
                                25,
                                4
                            ]
                        },
                        {
                            "origin": [
                                -5.00017,
                                24,
                                -5.00003
                            ],
                            "size": [
                                10.0001736,
                                3,
                                1.00005245
                            ],
                            "uv": [
                                24,
                                0
                            ]
                        },
                        {
                            "origin": [
                                5,
                                24,
                                -5
                            ],
                            "size": [
                                3,
                                3,
                                1
                            ],
                            "uv": [
                                0,
                                0
                            ]
                        },
                        {
                            "origin": [
                                5,
                                27,
                                -3
                            ],
                            "size": [
                                3,
                                2,
                                6
                            ],
                            "uv": [
                                42,
                                48
                            ]
                        },
                        {
                            "origin": [
                                5,
                                24,
                                -4
                            ],
                            "size": [
                                3,
                                3,
                                4.00000048
                            ],
                            "uv": [
                                33,
                                6
                            ]
                        },
                        {
                            "origin": [
                                5,
                                24,
                                -0.0001
                            ],
                            "size": [
                                3,
                                3,
                                4.000206
                            ],
                            "uv": [
                                50,
                                57
                            ]
                        },
                        {
                            "origin": [
                                5,
                                24,
                                4
                            ],
                            "size": [
                                3,
                                3,
                                2
                            ],
                            "uv": [
                                54,
                                49
                            ]
                        },
                        {
                            "origin": [
                                5,
                                27,
                                3
                            ],
                            "size": [
                                3,
                                1,
                                3
                            ],
                            "uv": [
                                25,
                                4
                            ]
                        },
                        {
                            "origin": [
                                0,
                                27,
                                5
                            ],
                            "size": [
                                5.00008059,
                                1,
                                1
                            ],
                            "uv": [
                                28,
                                48
                            ]
                        },
                        {
                            "origin": [
                                -5,
                                27,
                                5
                            ],
                            "size": [
                                5.00008059,
                                1,
                                1
                            ],
                            "uv": [
                                28,
                                50
                            ]
                        },
                        {
                            "origin": [
                                -5.00032,
                                24,
                                5
                            ],
                            "size": [
                                10.000783,
                                3,
                                1
                            ],
                            "uv": [
                                24,
                                0
                            ]
                        },
                        {
                            "origin": [
                                0,
                                29,
                                4
                            ],
                            "size": [
                                5.00085545,
                                3,
                                1
                            ],
                            "uv": [
                                52,
                                32
                            ]
                        },
                        {
                            "origin": [
                                -5.00007,
                                29,
                                4
                            ],
                            "size": [
                                5.000274,
                                3,
                                1
                            ],
                            "uv": [
                                52,
                                16
                            ]
                        },
                        {
                            "origin": [
                                -5,
                                24,
                                -4.00022
                            ],
                            "size": [
                                1,
                                8,
                                8.000217
                            ],
                            "uv": [
                                32,
                                48
                            ]
                        },
                        {
                            "origin": [
                                4,
                                24,
                                -4.00008
                            ],
                            "size": [
                                1,
                                8,
                                8.000082
                            ],
                            "uv": [
                                32,
                                48
                            ]
                        },
                        {
                            "origin": [
                                0,
                                27,
                                4
                            ],
                            "size": [
                                5.00006342,
                                1,
                                1
                            ],
                            "uv": [
                                35,
                                4
                            ]
                        },
                        {
                            "origin": [
                                -5.00008,
                                27,
                                4
                            ],
                            "size": [
                                5.000078,
                                1,
                                1
                            ],
                            "uv": [
                                46,
                                0
                            ]
                        },
                        {
                            "origin": [
                                5,
                                28,
                                3
                            ],
                            "size": [
                                3,
                                1,
                                1
                            ],
                            "uv": [
                                0,
                                6
                            ]
                        },
                        {
                            "origin": [
                                -8,
                                28,
                                3
                            ],
                            "size": [
                                3,
                                1,
                                1
                            ],
                            "uv": [
                                0,
                                4
                            ]
                        },
                        {
                            "origin": [
                                -5.00037,
                                24,
                                4
                            ],
                            "size": [
                                10.0008993,
                                3,
                                1
                            ],
                            "uv": [
                                24,
                                0
                            ]
                        }
                    ],
                    "mirror": true
                }
            ]
        }
    ]
}