{
    "format_version": "1.12.0",
    "minecraft:geometry": [
        {
            "description": {
                "identifier": "geometry.Biome2.nether_banished",
                "texture_width": 64,
                "texture_height": 64
            },
            "bones": [
                {
                    "name": "root",
                    "pivot": [
                        0,
                        0,
                        0
                    ]
                },
                {
                    "name": "body",
                    "parent": "waist",
                    "pivot": [
                        0,
                        24,
                        0
                    ],
                    "cubes": [
                        {
                            "origin": [
                                -4,
                                12,
                                -2
                            ],
                            "size": [
                                8,
                                12,
                                4
                            ],
                            "uv": [
                                16,
                                16
                            ]
                        },
                        {
                            "origin": [
                                -1,
                                12,
                                -1
                            ],
                            "size": [
                                2,
                                12,
                                2
                            ],
                            "uv": [
                                56,
                                16
                            ]
                        }
                    ]
                },
                {
                    "name": "waist",
                    "parent": "root",
                    "pivot": [
                        0,
                        12,
                        0
                    ]
                },
                {
                    "name": "head",
                    "parent": "body",
                    "pivot": [
                        0,
                        24,
                        0
                    ],
                    "cubes": [
                        {
                            "origin": [
                                -4,
                                25,
                                -4
                            ],
                            "size": [
                                8,
                                1,
                                8
                            ],
                            "uv": [
                                8,
                                0
                            ]
                        },
                        {
                            "origin": [
                                -3,
                                29,
                                -0.9999998
                            ],
                            "size": [
                                2,
                                2,
                                2
                            ],
                            "uv": [
                                56,
                                16
                            ]
                        },
                        {
                            "origin": [
                                -4,
                                24,
                                -4
                            ],
                            "size": [
                                8,
                                8,
                                8
                            ],
                            "uv": [
                                0,
                                0
                            ]
                        },
                        {
                            "origin": [
                                1,
                                31,
                                1
                            ],
                            "size": [
                                1,
                                1,
                                1
                            ],
                            "uv": [
                                56,
                                20
                            ]
                        }
                    ]
                },
                {
                    "name": "cape",
                    "pivot": [
                        0,
                        24,
                        3
                    ],
                    "parent": "body"
                },
                {
                    "name": "hat",
                    "parent": "head",
                    "pivot": [
                        0,
                        24,
                        0
                    ],
                    "cubes": [
                        {
                            "origin": [
                                -4,
                                24,
                                -4
                            ],
                            "size": [
                                8,
                                8,
                                8
                            ],
                            "uv": [
                                32,
                                0
                            ],
                            "inflate": 0.5
                        }
                    ]
                },
                {
                    "name": "leftArm",
                    "parent": "body",
                    "pivot": [
                        5.001448,
                        22,
                        0
                    ],
                    "cubes": [
                        {
                            "origin": [
                                4,
                                12,
                                -2
                            ],
                            "size": [
                                4,
                                12,
                                4
                            ],
                            "uv": [
                                32,
                                48
                            ]
                        }
                    ]
                },
                {
                    "name": "leftSleeve",
                    "parent": "leftArm",
                    "pivot": [
                        5.001448,
                        22,
                        0
                    ],
                    "cubes": [
                        {
                            "origin": [
                                4,
                                12,
                                -2
                            ],
                            "size": [
                                4,
                                12,
                                4
                            ],
                            "uv": [
                                48,
                                48
                            ],
                            "inflate": 0.25
                        }
                    ]
                },
                {
                    "name": "leftItem",
                    "pivot": [
                        6,
                        15,
                        1
                    ],
                    "parent": "leftArm"
                },
                {
                    "name": "rightArm",
                    "parent": "body",
                    "pivot": [
                        -5,
                        22,
                        0
                    ],
                    "cubes": [
                        {
                            "origin": [
                                -8,
                                12,
                                -2
                            ],
                            "size": [
                                4,
                                12,
                                4
                            ],
                            "uv": [
                                40,
                                16
                            ]
                        }
                    ]
                },
                {
                    "name": "rightSleeve",
                    "parent": "rightArm",
                    "pivot": [
                        -5,
                        22,
                        0
                    ],
                    "cubes": [
                        {
                            "origin": [
                                -8,
                                12,
                                -2
                            ],
                            "size": [
                                4,
                                12,
                                4
                            ],
                            "uv": [
                                40,
                                32
                            ],
                            "inflate": 0.25
                        }
                    ]
                },
                {
                    "name": "rightItem",
                    "pivot": [
                        -6,
                        15,
                        1
                    ],
                    "locators": {
                        "lead_hold": [
                            -6,
                            15,
                            1
                        ]
                    },
                    "parent": "rightArm"
                },
                {
                    "name": "leftLeg",
                    "parent": "root",
                    "pivot": [
                        1.9,
                        12,
                        0
                    ],
                    "cubes": [
                        {
                            "origin": [
                                0,
                                0,
                                -2
                            ],
                            "size": [
                                4,
                                12,
                                4
                            ],
                            "uv": [
                                16,
                                48
                            ]
                        },
                        {
                            "origin": [
                                0,
                                0,
                                -1
                            ],
                            "size": [
                                1,
                                12,
                                2
                            ],
                            "uv": [
                                57,
                                16
                            ]
                        }
                    ]
                },
                {
                    "name": "rightLeg",
                    "parent": "root",
                    "pivot": [
                        -1.90055,
                        12,
                        0
                    ],
                    "cubes": [
                        {
                            "origin": [
                                -4,
                                0,
                                -2
                            ],
                            "size": [
                                4,
                                12,
                                4
                            ],
                            "uv": [
                                0,
                                16
                            ]
                        },
                        {
                            "origin": [
                                -1,
                                0,
                                -1
                            ],
                            "size": [
                                1,
                                12,
                                2
                            ],
                            "uv": [
                                56,
                                16
                            ]
                        }
                    ]
                },
                {
                    "name": "jacket",
                    "parent": "body",
                    "pivot": [
                        0,
                        24,
                        0
                    ],
                    "cubes": [
                        {
                            "origin": [
                                -4,
                                12,
                                -2
                            ],
                            "size": [
                                8,
                                12,
                                4
                            ],
                            "uv": [
                                16,
                                32
                            ],
                            "inflate": 0.25
                        }
                    ]
                },
                {
                    "name": "helmet",
                    "parent": "head",
                    "pivot": [
                        0,
                        24,
                        0
                    ],
                    "cubes": [
                        {
                            "origin": [
                                6.198284e-10,
                                33,
                                -2
                            ],
                            "size": [
                                1,
                                1,
                                1
                            ],
                            "uv": [
                                60,
                                20
                            ]
                        }
                    ]
                },
                {
                    "name": "rightPants",
                    "parent": "rightLeg",
                    "pivot": [
                        -1.90055,
                        12,
                        0
                    ],
                    "cubes": [
                        {
                            "origin": [
                                -4,
                                0,
                                -2
                            ],
                            "size": [
                                4,
                                12,
                                4
                            ],
                            "uv": [
                                0,
                                32
                            ],
                            "inflate": 0.25
                        }
                    ]
                },
                {
                    "name": "leftPants",
                    "parent": "leftLeg",
                    "pivot": [
                        1.9,
                        12,
                        0
                    ],
                    "cubes": [
                        {
                            "origin": [
                                -1.192093e-7,
                                0,
                                -2
                            ],
                            "size": [
                                4,
                                12,
                                4
                            ],
                            "uv": [
                                0,
                                48
                            ],
                            "inflate": 0.25
                        }
                    ]
                },
                {
                    "name": "bodyArmor",
                    "parent": "body",
                    "pivot": [
                        0,
                        24,
                        0
                    ],
                    "cubes": []
                },
                {
                    "name": "leftArmArmor",
                    "parent": "leftArm",
                    "pivot": [
                        5.001448,
                        22,
                        0
                    ],
                    "cubes": [
                        {
                            "origin": [
                                4,
                                24,
                                -2
                            ],
                            "size": [
                                4,
                                3,
                                4
                            ],
                            "uv": [
                                24,
                                1
                            ]
                        }
                    ]
                },
                {
                    "name": "rightArmArmor",
                    "parent": "rightArm",
                    "pivot": [
                        -5,
                        22,
                        0
                    ],
                    "cubes": [
                        {
                            "origin": [
                                -8,
                                24,
                                -2
                            ],
                            "size": [
                                4,
                                3,
                                4
                            ],
                            "uv": [
                                24,
                                1
                            ]
                        }
                    ]
                }
            ]
        }
    ]
}