{
    "format_version": "1.12.0",
    "minecraft:geometry": [
        {
            "description": {
                "identifier": "geometry.MagicTheGathering.Hazoret",
                "texture_width": 64,
                "texture_height": 64
            },
            "bones": [
                {
                    "name": "root",
                    "pivot": [
                        0,
                        0,
                        0
                    ]
                },
                {
                    "name": "body",
                    "parent": "waist",
                    "pivot": [
                        0,
                        24,
                        0
                    ],
                    "cubes": [
                        {
                            "origin": [
                                -4,
                                12,
                                -2
                            ],
                            "size": [
                                8,
                                12,
                                4
                            ],
                            "uv": [
                                16,
                                16
                            ]
                        }
                    ]
                },
                {
                    "name": "waist",
                    "parent": "root",
                    "pivot": [
                        0,
                        12,
                        0
                    ],
                    "cubes": []
                },
                {
                    "name": "head",
                    "parent": "body",
                    "pivot": [
                        0,
                        24,
                        0
                    ],
                    "cubes": [
                        {
                            "origin": [
                                -3.00026,
                                26,
                                -4.00016
                            ],
                            "size": [
                                6.00046158,
                                5,
                                1.00031185
                            ],
                            "uv": [
                                18,
                                2
                            ]
                        },
                        {
                            "origin": [
                                -3.00016,
                                25,
                                -3.00024
                            ],
                            "size": [
                                6.00024033,
                                7,
                                1.00048733
                            ],
                            "uv": [
                                24,
                                8
                            ]
                        },
                        {
                            "origin": [
                                -3.00078,
                                24,
                                -2.00006
                            ],
                            "size": [
                                6.001534,
                                8,
                                6.0000596
                            ],
                            "uv": [
                                0,
                                2
                            ]
                        },
                        {
                            "origin": [
                                -1.50007,
                                26,
                                -7
                            ],
                            "size": [
                                3.00015736,
                                3,
                                3
                            ],
                            "uv": [
                                51,
                                30
                            ]
                        },
                        {
                            "origin": [
                                -4,
                                25,
                                -3.00015
                            ],
                            "size": [
                                1,
                                7,
                                1.00030231
                            ],
                            "uv": [
                                58,
                                21
                            ]
                        },
                        {
                            "origin": [
                                3,
                                25,
                                -3.00005
                            ],
                            "size": [
                                1,
                                7,
                                1.000102
                            ],
                            "uv": [
                                54,
                                21
                            ]
                        }
                    ]
                },
                {
                    "name": "cape",
                    "pivot": [
                        0,
                        24,
                        3
                    ],
                    "parent": "body"
                },
                {
                    "name": "hat",
                    "parent": "head",
                    "pivot": [
                        0,
                        24,
                        0
                    ],
                    "cubes": []
                },
                {
                    "name": "leftArm",
                    "parent": "body",
                    "pivot": [
                        5,
                        21.5,
                        0
                    ],
                    "cubes": [
                        {
                            "origin": [
                                4,
                                11.5,
                                -2
                            ],
                            "size": [
                                3,
                                12,
                                4
                            ],
                            "uv": [
                                40,
                                16
                            ]
                        }
                    ],
                    "mirror": true
                },
                {
                    "name": "leftSleeve",
                    "parent": "leftArm",
                    "pivot": [
                        5,
                        21.5,
                        0
                    ],
                    "cubes": [
                        {
                            "origin": [
                                4,
                                11.5,
                                -2
                            ],
                            "size": [
                                3,
                                12,
                                4
                            ],
                            "uv": [
                                40,
                                32
                            ],
                            "inflate": 0.25
                        }
                    ],
                    "mirror": true
                },
                {
                    "name": "leftItem",
                    "pivot": [
                        6,
                        14.5,
                        1
                    ],
                    "parent": "leftArm",
                    "cubes": []
                },
                {
                    "name": "rightArm",
                    "parent": "body",
                    "pivot": [
                        -5,
                        21.5,
                        0
                    ],
                    "cubes": [
                        {
                            "origin": [
                                -7,
                                11.5,
                                -2
                            ],
                            "size": [
                                3,
                                12,
                                4
                            ],
                            "uv": [
                                40,
                                16
                            ]
                        }
                    ]
                },
                {
                    "name": "rightSleeve",
                    "parent": "rightArm",
                    "pivot": [
                        -5,
                        21.5,
                        0
                    ],
                    "cubes": [
                        {
                            "origin": [
                                -7,
                                11.5,
                                -2
                            ],
                            "size": [
                                3,
                                12,
                                4
                            ],
                            "uv": [
                                40,
                                32
                            ],
                            "inflate": 0.25
                        }
                    ]
                },
                {
                    "name": "rightItem",
                    "pivot": [
                        -6,
                        14.5,
                        1
                    ],
                    "locators": {
                        "lead_hold": [
                            -6,
                            15,
                            1
                        ]
                    },
                    "parent": "rightArm",
                    "cubes": []
                },
                {
                    "name": "leftLeg",
                    "parent": "root",
                    "pivot": [
                        1.9,
                        12,
                        0
                    ],
                    "cubes": [
                        {
                            "origin": [
                                -0.1,
                                0,
                                -2
                            ],
                            "size": [
                                4,
                                12,
                                4
                            ],
                            "uv": [
                                0,
                                16
                            ]
                        }
                    ],
                    "mirror": true
                },
                {
                    "name": "rightLeg",
                    "parent": "root",
                    "pivot": [
                        -1.9,
                        12,
                        0
                    ],
                    "cubes": [
                        {
                            "origin": [
                                -3.9,
                                0,
                                -2
                            ],
                            "size": [
                                4,
                                12,
                                4
                            ],
                            "uv": [
                                0,
                                16
                            ]
                        }
                    ]
                },
                {
                    "name": "jacket",
                    "parent": "body",
                    "pivot": [
                        0,
                        24,
                        0
                    ],
                    "cubes": [
                        {
                            "origin": [
                                -4,
                                12,
                                -2
                            ],
                            "size": [
                                8,
                                12,
                                4
                            ],
                            "uv": [
                                16,
                                32
                            ],
                            "inflate": 0.25
                        }
                    ]
                },
                {
                    "name": "helmet",
                    "parent": "head",
                    "pivot": [
                        0,
                        24,
                        0
                    ],
                    "cubes": [
                        {
                            "origin": [
                                -4,
                                37,
                                -2
                            ],
                            "size": [
                                1,
                                1,
                                1
                            ],
                            "uv": [
                                57,
                                0
                            ]
                        },
                        {
                            "origin": [
                                -4,
                                33,
                                -2.00002
                            ],
                            "size": [
                                2.00000763,
                                4,
                                1.00004864
                            ],
                            "uv": [
                                58,
                                3
                            ]
                        },
                        {
                            "origin": [
                                -4,
                                36,
                                -1
                            ],
                            "size": [
                                2,
                                1,
                                1.000003
                            ],
                            "uv": [
                                26,
                                0
                            ]
                        },
                        {
                            "origin": [
                                -5,
                                35,
                                -1
                            ],
                            "size": [
                                1,
                                1,
                                1
                            ],
                            "uv": [
                                44,
                                1
                            ]
                        },
                        {
                            "origin": [
                                -6,
                                34,
                                -1
                            ],
                            "size": [
                                1,
                                1,
                                1
                            ],
                            "uv": [
                                0,
                                4
                            ]
                        },
                        {
                            "origin": [
                                -3,
                                37,
                                -2
                            ],
                            "size": [
                                1,
                                2,
                                1
                            ],
                            "uv": [
                                49,
                                0
                            ]
                        },
                        {
                            "origin": [
                                -2.00009,
                                36,
                                -1.00001
                            ],
                            "size": [
                                4.000086,
                                1,
                                1.00002909
                            ],
                            "uv": [
                                0,
                                0
                            ]
                        },
                        {
                            "origin": [
                                2,
                                37,
                                -2
                            ],
                            "size": [
                                1,
                                2,
                                1
                            ],
                            "uv": [
                                53,
                                0
                            ]
                        },
                        {
                            "origin": [
                                1.99997,
                                33,
                                -2.00002
                            ],
                            "size": [
                                2.00005913,
                                4,
                                1.00004053
                            ],
                            "uv": [
                                58,
                                8
                            ]
                        },
                        {
                            "origin": [
                                3,
                                37,
                                -2
                            ],
                            "size": [
                                1,
                                1,
                                1
                            ],
                            "uv": [
                                60,
                                1
                            ]
                        },
                        {
                            "origin": [
                                -2.00005,
                                33,
                                -2.00001
                            ],
                            "size": [
                                4.000047,
                                1,
                                1.00001979
                            ],
                            "uv": [
                                50,
                                14
                            ]
                        },
                        {
                            "origin": [
                                4,
                                35,
                                -1
                            ],
                            "size": [
                                1,
                                1,
                                1
                            ],
                            "uv": [
                                0,
                                2
                            ]
                        },
                        {
                            "origin": [
                                2,
                                36,
                                -1
                            ],
                            "size": [
                                2,
                                1,
                                1.00000489
                            ],
                            "uv": [
                                39,
                                0
                            ]
                        },
                        {
                            "origin": [
                                5,
                                34,
                                -1
                            ],
                            "size": [
                                1,
                                1,
                                1
                            ],
                            "uv": [
                                0,
                                6
                            ]
                        },
                        {
                            "origin": [
                                4,
                                24,
                                -1.00007
                            ],
                            "size": [
                                1,
                                11,
                                1.00014639
                            ],
                            "uv": [
                                48,
                                52
                            ]
                        },
                        {
                            "origin": [
                                5,
                                25,
                                -1.00004
                            ],
                            "size": [
                                1,
                                9,
                                1.00007164
                            ],
                            "uv": [
                                44,
                                54
                            ]
                        },
                        {
                            "origin": [
                                6,
                                32,
                                -1
                            ],
                            "size": [
                                1,
                                2,
                                1.00000024
                            ],
                            "uv": [
                                40,
                                5
                            ]
                        },
                        {
                            "origin": [
                                7,
                                26,
                                -1.00004
                            ],
                            "size": [
                                1,
                                6,
                                1.00007153
                            ],
                            "uv": [
                                36,
                                1
                            ]
                        },
                        {
                            "origin": [
                                5,
                                27,
                                -2.00001
                            ],
                            "size": [
                                1,
                                3,
                                1.00001764
                            ],
                            "uv": [
                                60,
                                13
                            ]
                        },
                        {
                            "origin": [
                                -5,
                                24,
                                -1.00016
                            ],
                            "size": [
                                1,
                                11,
                                1.00031471
                            ],
                            "uv": [
                                48,
                                52
                            ]
                        },
                        {
                            "origin": [
                                -6,
                                25,
                                -1.00005
                            ],
                            "size": [
                                1,
                                9,
                                1.0000993
                            ],
                            "uv": [
                                44,
                                54
                            ]
                        },
                        {
                            "origin": [
                                -7,
                                32,
                                -1
                            ],
                            "size": [
                                1,
                                2,
                                1.00000024
                            ],
                            "uv": [
                                40,
                                2
                            ]
                        },
                        {
                            "origin": [
                                -8,
                                26,
                                -1.00014
                            ],
                            "size": [
                                1,
                                6,
                                1.00027275
                            ],
                            "uv": [
                                32,
                                1
                            ]
                        },
                        {
                            "origin": [
                                -7,
                                25,
                                -1
                            ],
                            "size": [
                                1,
                                1,
                                1
                            ],
                            "uv": [
                                10,
                                0
                            ]
                        },
                        {
                            "origin": [
                                -8,
                                24,
                                -0.5
                            ],
                            "size": [
                                1,
                                2,
                                1.00000644
                            ],
                            "uv": [
                                52,
                                10
                            ]
                        },
                        {
                            "origin": [
                                -6,
                                27,
                                -2.00001
                            ],
                            "size": [
                                1,
                                3,
                                1.00001764
                            ],
                            "uv": [
                                60,
                                17
                            ]
                        },
                        {
                            "origin": [
                                6,
                                25,
                                -1
                            ],
                            "size": [
                                1,
                                1,
                                1
                            ],
                            "uv": [
                                18,
                                0
                            ]
                        },
                        {
                            "origin": [
                                5,
                                24,
                                -1
                            ],
                            "size": [
                                1,
                                1,
                                1
                            ],
                            "uv": [
                                22,
                                0
                            ]
                        },
                        {
                            "origin": [
                                7,
                                24,
                                -0.5
                            ],
                            "size": [
                                1,
                                2,
                                1.000006
                            ],
                            "uv": [
                                48,
                                10
                            ]
                        },
                        {
                            "origin": [
                                -6,
                                24,
                                -1
                            ],
                            "size": [
                                1,
                                1,
                                1
                            ],
                            "uv": [
                                14,
                                0
                            ]
                        },
                        {
                            "origin": [
                                -5,
                                25,
                                -2.00031
                            ],
                            "size": [
                                1,
                                7,
                                1.00062561
                            ],
                            "uv": [
                                56,
                                38
                            ]
                        },
                        {
                            "origin": [
                                4,
                                25,
                                -2.00014
                            ],
                            "size": [
                                1,
                                7,
                                1.0002737
                            ],
                            "uv": [
                                60,
                                38
                            ]
                        },
                        {
                            "origin": [
                                -4,
                                32,
                                -2.00003
                            ],
                            "size": [
                                4.00022173,
                                1,
                                1.00006437
                            ],
                            "uv": [
                                50,
                                16
                            ]
                        },
                        {
                            "origin": [
                                -0.00019,
                                32,
                                -2.00009
                            ],
                            "size": [
                                4.000189,
                                1,
                                1.000181
                            ],
                            "uv": [
                                50,
                                18
                            ]
                        },
                        {
                            "origin": [
                                -4,
                                24,
                                -2
                            ],
                            "size": [
                                1,
                                1,
                                1
                            ],
                            "uv": [
                                56,
                                36
                            ]
                        },
                        {
                            "origin": [
                                3,
                                24,
                                -2
                            ],
                            "size": [
                                1,
                                1,
                                1
                            ],
                            "uv": [
                                60,
                                36
                            ]
                        }
                    ],
                    "mirror": true
                },
                {
                    "name": "rightPants",
                    "parent": "rightLeg",
                    "pivot": [
                        -1.9,
                        12,
                        0
                    ],
                    "cubes": [
                        {
                            "origin": [
                                -3.9,
                                0,
                                -2
                            ],
                            "size": [
                                4,
                                12,
                                4
                            ],
                            "uv": [
                                0,
                                32
                            ],
                            "inflate": 0.25
                        }
                    ]
                },
                {
                    "name": "leftPants",
                    "parent": "leftLeg",
                    "pivot": [
                        1.9,
                        12,
                        0
                    ],
                    "cubes": [
                        {
                            "origin": [
                                -0.1,
                                0,
                                -2
                            ],
                            "size": [
                                4,
                                12,
                                4
                            ],
                            "uv": [
                                0,
                                48
                            ],
                            "inflate": 0.25
                        }
                    ],
                    "mirror": true
                },
                {
                    "name": "bodyArmor",
                    "parent": "body",
                    "pivot": [
                        0,
                        24,
                        0
                    ],
                    "cubes": [
                        {
                            "origin": [
                                -4.00035,
                                10,
                                1.99963
                            ],
                            "size": [
                                4.000351,
                                14,
                                1.00074291
                            ],
                            "uv": [
                                16,
                                49
                            ]
                        },
                        {
                            "origin": [
                                -6.0e-5,
                                10,
                                1.99993
                            ],
                            "size": [
                                4.000104,
                                14,
                                1.00014782
                            ],
                            "uv": [
                                26,
                                49
                            ]
                        },
                        {
                            "origin": [
                                -7.0e-5,
                                5,
                                1.99998
                            ],
                            "size": [
                                4.00012159,
                                5,
                                1.00003433
                            ],
                            "uv": [
                                44,
                                4
                            ]
                        },
                        {
                            "origin": [
                                -4.00013,
                                5,
                                1.99996
                            ],
                            "size": [
                                4.00028324,
                                5,
                                1.00008392
                            ],
                            "uv": [
                                38,
                                10
                            ]
                        }
                    ],
                    "mirror": true
                },
                {
                    "name": "leftArmArmor",
                    "parent": "leftArm",
                    "pivot": [
                        5.001448,
                        22,
                        0
                    ],
                    "cubes": []
                },
                {
                    "name": "rightArmArmor",
                    "parent": "rightArm",
                    "pivot": [
                        -5,
                        22,
                        0
                    ],
                    "cubes": []
                }
            ]
        }
    ]
}