{
    "format_version": "1.12.0",
    "minecraft:geometry": [
        {
            "description": {
                "identifier": "geometry.MagicTheGathering.Samut",
                "texture_width": 64,
                "texture_height": 64
            },
            "bones": [
                {
                    "name": "root",
                    "pivot": [
                        0,
                        0,
                        0
                    ]
                },
                {
                    "name": "body",
                    "parent": "waist",
                    "pivot": [
                        0,
                        24,
                        0
                    ],
                    "cubes": [
                        {
                            "origin": [
                                -4,
                                12,
                                -2
                            ],
                            "size": [
                                8,
                                12,
                                4
                            ],
                            "uv": [
                                16,
                                16
                            ]
                        }
                    ]
                },
                {
                    "name": "waist",
                    "parent": "root",
                    "pivot": [
                        0,
                        12,
                        0
                    ],
                    "cubes": []
                },
                {
                    "name": "head",
                    "parent": "body",
                    "pivot": [
                        0,
                        24,
                        0
                    ],
                    "cubes": [
                        {
                            "origin": [
                                -4,
                                24,
                                -4
                            ],
                            "size": [
                                8,
                                8,
                                8
                            ],
                            "uv": [
                                0,
                                0
                            ]
                        }
                    ]
                },
                {
                    "name": "cape",
                    "pivot": [
                        0,
                        24,
                        3
                    ],
                    "parent": "body"
                },
                {
                    "name": "hat",
                    "parent": "head",
                    "pivot": [
                        0,
                        24,
                        0
                    ],
                    "cubes": []
                },
                {
                    "name": "leftArm",
                    "parent": "body",
                    "pivot": [
                        5,
                        22,
                        0
                    ],
                    "cubes": [
                        {
                            "origin": [
                                4,
                                12,
                                -2
                            ],
                            "size": [
                                4,
                                12,
                                4
                            ],
                            "uv": [
                                40,
                                16
                            ]
                        }
                    ],
                    "mirror": true
                },
                {
                    "name": "leftSleeve",
                    "parent": "leftArm",
                    "pivot": [
                        5,
                        22,
                        0
                    ],
                    "cubes": [
                        {
                            "origin": [
                                4,
                                12,
                                -2
                            ],
                            "size": [
                                4,
                                12,
                                4
                            ],
                            "uv": [
                                40,
                                32
                            ],
                            "inflate": 0.25
                        }
                    ],
                    "mirror": true
                },
                {
                    "name": "leftItem",
                    "pivot": [
                        6,
                        15,
                        1
                    ],
                    "parent": "leftArm",
                    "cubes": []
                },
                {
                    "name": "rightArm",
                    "parent": "body",
                    "pivot": [
                        -5,
                        22,
                        0
                    ],
                    "cubes": [
                        {
                            "origin": [
                                -8,
                                12,
                                -2
                            ],
                            "size": [
                                4,
                                12,
                                4
                            ],
                            "uv": [
                                40,
                                16
                            ]
                        }
                    ]
                },
                {
                    "name": "rightSleeve",
                    "parent": "rightArm",
                    "pivot": [
                        -5,
                        22,
                        0
                    ],
                    "cubes": [
                        {
                            "origin": [
                                -8,
                                12,
                                -2
                            ],
                            "size": [
                                4,
                                12,
                                4
                            ],
                            "uv": [
                                40,
                                32
                            ],
                            "inflate": 0.25
                        }
                    ]
                },
                {
                    "name": "rightItem",
                    "pivot": [
                        -6,
                        15,
                        1
                    ],
                    "locators": {
                        "lead_hold": [
                            -6,
                            15,
                            1
                        ]
                    },
                    "parent": "rightArm",
                    "cubes": []
                },
                {
                    "name": "leftLeg",
                    "parent": "root",
                    "pivot": [
                        1.9,
                        12,
                        0
                    ],
                    "cubes": [
                        {
                            "origin": [
                                -0.1,
                                0,
                                -2
                            ],
                            "size": [
                                4,
                                12,
                                4
                            ],
                            "uv": [
                                0,
                                16
                            ]
                        }
                    ],
                    "mirror": true
                },
                {
                    "name": "rightLeg",
                    "parent": "root",
                    "pivot": [
                        -1.9,
                        12,
                        0
                    ],
                    "cubes": [
                        {
                            "origin": [
                                -3.9,
                                0,
                                -2
                            ],
                            "size": [
                                4,
                                12,
                                4
                            ],
                            "uv": [
                                0,
                                16
                            ]
                        }
                    ]
                },
                {
                    "name": "jacket",
                    "parent": "body",
                    "pivot": [
                        0,
                        24,
                        0
                    ],
                    "cubes": [
                        {
                            "origin": [
                                -4,
                                12,
                                -2
                            ],
                            "size": [
                                8,
                                12,
                                4
                            ],
                            "uv": [
                                16,
                                32
                            ],
                            "inflate": 0.25
                        }
                    ]
                },
                {
                    "name": "leftPants",
                    "parent": "leftLeg",
                    "pivot": [
                        1.9,
                        12,
                        0
                    ],
                    "cubes": [
                        {
                            "origin": [
                                -0.1,
                                0,
                                -2
                            ],
                            "size": [
                                4,
                                12,
                                4
                            ],
                            "uv": [
                                0,
                                48
                            ],
                            "inflate": 0.25
                        }
                    ],
                    "mirror": true
                },
                {
                    "name": "rightPants",
                    "parent": "rightLeg",
                    "pivot": [
                        -1.9,
                        12,
                        0
                    ],
                    "cubes": [
                        {
                            "origin": [
                                -3.9,
                                0,
                                -2
                            ],
                            "size": [
                                4,
                                12,
                                4
                            ],
                            "uv": [
                                0,
                                32
                            ],
                            "inflate": 0.25
                        }
                    ]
                },
                {
                    "name": "helmet",
                    "parent": "head",
                    "pivot": [
                        0,
                        24,
                        0
                    ],
                    "cubes": [
                        {
                            "origin": [
                                -6,
                                28,
                                -3
                            ],
                            "size": [
                                1,
                                2,
                                6
                            ],
                            "uv": [
                                34,
                                56
                            ]
                        },
                        {
                            "origin": [
                                -6,
                                27,
                                0
                            ],
                            "size": [
                                1,
                                1,
                                3
                            ],
                            "uv": [
                                16,
                                52
                            ]
                        },
                        {
                            "origin": [
                                -6,
                                27,
                                -3
                            ],
                            "size": [
                                1,
                                1,
                                1
                            ],
                            "uv": [
                                0,
                                48
                            ]
                        },
                        {
                            "origin": [
                                5,
                                28,
                                -3
                            ],
                            "size": [
                                1,
                                2,
                                6
                            ],
                            "uv": [
                                34,
                                56
                            ]
                        },
                        {
                            "origin": [
                                5,
                                27,
                                -3
                            ],
                            "size": [
                                1,
                                1,
                                1
                            ],
                            "uv": [
                                0,
                                48
                            ]
                        },
                        {
                            "origin": [
                                5,
                                27,
                                0
                            ],
                            "size": [
                                1,
                                1,
                                3
                            ],
                            "uv": [
                                16,
                                52
                            ]
                        },
                        {
                            "origin": [
                                -4.00006,
                                32,
                                -0.00012
                            ],
                            "size": [
                                4.00006056,
                                1,
                                3.000238
                            ],
                            "uv": [
                                24,
                                0
                            ]
                        },
                        {
                            "origin": [
                                -4.0001,
                                32,
                                -3.00007
                            ],
                            "size": [
                                4.00010061,
                                1,
                                3.00011516
                            ],
                            "uv": [
                                24,
                                4
                            ]
                        },
                        {
                            "origin": [
                                -6.0e-5,
                                32,
                                -3
                            ],
                            "size": [
                                4.000062,
                                1,
                                3.00000024
                            ],
                            "uv": [
                                24,
                                4
                            ]
                        },
                        {
                            "origin": [
                                -0.00019,
                                32,
                                0
                            ],
                            "size": [
                                4.00027752,
                                1,
                                3.00001574
                            ],
                            "uv": [
                                24,
                                0
                            ]
                        },
                        {
                            "origin": [
                                4,
                                27,
                                3
                            ],
                            "size": [
                                1,
                                1,
                                1
                            ],
                            "uv": [
                                0,
                                50
                            ]
                        },
                        {
                            "origin": [
                                -5,
                                27,
                                0
                            ],
                            "size": [
                                1,
                                1,
                                3.00000238
                            ],
                            "uv": [
                                16,
                                56
                            ]
                        },
                        {
                            "origin": [
                                -5,
                                27,
                                3
                            ],
                            "size": [
                                1,
                                1,
                                1
                            ],
                            "uv": [
                                0,
                                50
                            ]
                        },
                        {
                            "origin": [
                                4,
                                27,
                                0
                            ],
                            "size": [
                                1,
                                1,
                                3.000002
                            ],
                            "uv": [
                                16,
                                56
                            ]
                        },
                        {
                            "origin": [
                                -5,
                                25,
                                -2
                            ],
                            "size": [
                                1,
                                2,
                                2.00000024
                            ],
                            "uv": [
                                26,
                                56
                            ]
                        },
                        {
                            "origin": [
                                4,
                                25,
                                -2
                            ],
                            "size": [
                                1,
                                2,
                                2.00000024
                            ],
                            "uv": [
                                26,
                                56
                            ]
                        },
                        {
                            "origin": [
                                4,
                                28,
                                -3
                            ],
                            "size": [
                                1,
                                4,
                                7.0000186
                            ],
                            "uv": [
                                17,
                                53
                            ]
                        },
                        {
                            "origin": [
                                -5,
                                28,
                                -3
                            ],
                            "size": [
                                1,
                                4,
                                7.00001
                            ],
                            "uv": [
                                17,
                                53
                            ]
                        },
                        {
                            "origin": [
                                -4,
                                26,
                                3.99991
                            ],
                            "size": [
                                8.000252,
                                6,
                                1.00017929
                            ],
                            "uv": [
                                33,
                                9
                            ]
                        },
                        {
                            "origin": [
                                -5,
                                27,
                                -3
                            ],
                            "size": [
                                1,
                                1,
                                3
                            ],
                            "uv": [
                                0,
                                4
                            ]
                        },
                        {
                            "origin": [
                                4,
                                27,
                                -3
                            ],
                            "size": [
                                1,
                                1,
                                3
                            ],
                            "uv": [
                                0,
                                0
                            ]
                        }
                    ],
                    "mirror": true
                },
                {
                    "name": "leftArmArmor",
                    "parent": "leftArm",
                    "pivot": [
                        5,
                        22,
                        0
                    ],
                    "cubes": [
                        {
                            "origin": [
                                8,
                                20,
                                -2.00002
                            ],
                            "size": [
                                1,
                                4,
                                4.000035
                            ],
                            "uv": [
                                42,
                                54
                            ]
                        }
                    ],
                    "mirror": true
                },
                {
                    "name": "rightArmArmor",
                    "parent": "rightArm",
                    "pivot": [
                        -5,
                        22,
                        0
                    ],
                    "cubes": [
                        {
                            "origin": [
                                -9,
                                20,
                                -2
                            ],
                            "size": [
                                1,
                                4,
                                4.00004625
                            ],
                            "uv": [
                                42,
                                54
                            ]
                        }
                    ]
                },
                {
                    "name": "bodyArmor",
                    "parent": "body",
                    "pivot": [
                        0,
                        24,
                        0
                    ],
                    "cubes": [
                        {
                            "origin": [
                                3.5,
                                18,
                                3
                            ],
                            "size": [
                                1,
                                1,
                                1
                            ],
                            "uv": [
                                48,
                                62
                            ]
                        },
                        {
                            "origin": [
                                -4.5,
                                18,
                                3
                            ],
                            "size": [
                                1,
                                1,
                                1
                            ],
                            "uv": [
                                48,
                                62
                            ]
                        },
                        {
                            "origin": [
                                2.5,
                                10,
                                3
                            ],
                            "size": [
                                1,
                                3,
                                1
                            ],
                            "uv": [
                                52,
                                58
                            ]
                        },
                        {
                            "origin": [
                                -0.50005,
                                11,
                                3
                            ],
                            "size": [
                                1.000102,
                                5,
                                1
                            ],
                            "uv": [
                                52,
                                48
                            ]
                        },
                        {
                            "origin": [
                                -3.5,
                                10,
                                3
                            ],
                            "size": [
                                1,
                                3,
                                1
                            ],
                            "uv": [
                                52,
                                54
                            ]
                        },
                        {
                            "origin": [
                                -2.00005,
                                18,
                                1.99964
                            ],
                            "size": [
                                4.00020075,
                                3,
                                1.0005579
                            ],
                            "uv": [
                                30,
                                53
                            ]
                        },
                        {
                            "origin": [
                                0.49977,
                                15,
                                2.99994
                            ],
                            "size": [
                                3.000381,
                                8,
                                1.00012875
                            ],
                            "uv": [
                                56,
                                43
                            ]
                        },
                        {
                            "origin": [
                                -3.50023,
                                15,
                                2.99992
                            ],
                            "size": [
                                3.00059223,
                                8,
                                1.00016117
                            ],
                            "uv": [
                                56,
                                54
                            ]
                        },
                        {
                            "origin": [
                                0.4998,
                                10,
                                2.99993
                            ],
                            "size": [
                                2.000275,
                                4,
                                1.000134
                            ],
                            "uv": [
                                56,
                                26
                            ]
                        },
                        {
                            "origin": [
                                -2.50011,
                                10,
                                2.99991
                            ],
                            "size": [
                                2.00024366,
                                4,
                                1.00017214
                            ],
                            "uv": [
                                56,
                                35
                            ]
                        },
                        {
                            "origin": [
                                0.49989,
                                14,
                                3
                            ],
                            "size": [
                                3.000109,
                                1,
                                1
                            ],
                            "uv": [
                                44,
                                48
                            ]
                        },
                        {
                            "origin": [
                                -3.5,
                                14,
                                3
                            ],
                            "size": [
                                3.00003242,
                                1,
                                1
                            ],
                            "uv": [
                                44,
                                50
                            ]
                        }
                    ]
                }
            ]
        }
    ]
}