{
    "format_version": "1.12.0",
    "minecraft:geometry": [
        {
            "description": {
                "identifier": "geometry.FestiveMashup.Comet",
                "texture_width": 64,
                "texture_height": 64
            },
            "bones": [
                {
                    "name": "root",
                    "pivot": [
                        0,
                        0,
                        0
                    ]
                },
                {
                    "name": "body",
                    "parent": "waist",
                    "pivot": [
                        0,
                        24,
                        0
                    ],
                    "cubes": [
                        {
                            "origin": [
                                -4,
                                12,
                                -2
                            ],
                            "size": [
                                8,
                                12,
                                4
                            ],
                            "uv": [
                                16,
                                16
                            ]
                        }
                    ]
                },
                {
                    "name": "waist",
                    "parent": "root",
                    "pivot": [
                        0,
                        12,
                        0
                    ],
                    "cubes": []
                },
                {
                    "name": "head",
                    "parent": "body",
                    "pivot": [
                        0,
                        24,
                        0
                    ],
                    "cubes": [
                        {
                            "origin": [
                                -4,
                                24,
                                -4
                            ],
                            "size": [
                                8,
                                8,
                                8
                            ],
                            "uv": [
                                0,
                                0
                            ]
                        }
                    ]
                },
                {
                    "name": "cape",
                    "pivot": [
                        0,
                        24,
                        3
                    ],
                    "parent": "body"
                },
                {
                    "name": "hat",
                    "parent": "head",
                    "pivot": [
                        0,
                        24,
                        0
                    ],
                    "cubes": [
                        {
                            "origin": [
                                -4,
                                24,
                                -4
                            ],
                            "size": [
                                8,
                                8,
                                8
                            ],
                            "uv": [
                                32,
                                0
                            ],
                            "inflate": 0.5
                        }
                    ]
                },
                {
                    "name": "leftArm",
                    "parent": "body",
                    "pivot": [
                        5,
                        22,
                        0
                    ],
                    "cubes": [
                        {
                            "origin": [
                                4,
                                12,
                                -2
                            ],
                            "size": [
                                4,
                                12,
                                4
                            ],
                            "uv": [
                                32,
                                48
                            ]
                        }
                    ]
                },
                {
                    "name": "leftSleeve",
                    "parent": "leftArm",
                    "pivot": [
                        5,
                        22,
                        0
                    ],
                    "cubes": [
                        {
                            "origin": [
                                4,
                                12,
                                -2
                            ],
                            "size": [
                                4,
                                12,
                                4
                            ],
                            "uv": [
                                48,
                                48
                            ],
                            "inflate": 0.25
                        }
                    ]
                },
                {
                    "name": "leftItem",
                    "pivot": [
                        6,
                        15,
                        1
                    ],
                    "parent": "leftArm",
                    "cubes": []
                },
                {
                    "name": "rightArm",
                    "parent": "body",
                    "pivot": [
                        -5,
                        22,
                        0
                    ],
                    "cubes": [
                        {
                            "origin": [
                                -8,
                                12,
                                -2
                            ],
                            "size": [
                                4,
                                12,
                                4
                            ],
                            "uv": [
                                40,
                                16
                            ]
                        }
                    ]
                },
                {
                    "name": "rightSleeve",
                    "parent": "rightArm",
                    "pivot": [
                        -5,
                        22,
                        0
                    ],
                    "cubes": [
                        {
                            "origin": [
                                -8,
                                12,
                                -2
                            ],
                            "size": [
                                4,
                                12,
                                4
                            ],
                            "uv": [
                                40,
                                32
                            ],
                            "inflate": 0.25
                        }
                    ]
                },
                {
                    "name": "rightItem",
                    "pivot": [
                        -6,
                        15,
                        1
                    ],
                    "locators": {
                        "lead_hold": [
                            -6,
                            15,
                            1
                        ]
                    },
                    "parent": "rightArm",
                    "cubes": []
                },
                {
                    "name": "leftLeg",
                    "parent": "root",
                    "pivot": [
                        1.9,
                        12,
                        0
                    ],
                    "cubes": [
                        {
                            "origin": [
                                -0.1,
                                0,
                                -2
                            ],
                            "size": [
                                4,
                                12,
                                4
                            ],
                            "uv": [
                                16,
                                48
                            ]
                        }
                    ]
                },
                {
                    "name": "rightLeg",
                    "parent": "root",
                    "pivot": [
                        -1.9,
                        12,
                        0
                    ],
                    "cubes": [
                        {
                            "origin": [
                                -3.9,
                                0,
                                -2
                            ],
                            "size": [
                                4,
                                12,
                                4
                            ],
                            "uv": [
                                0,
                                16
                            ]
                        }
                    ]
                },
                {
                    "name": "jacket",
                    "parent": "body",
                    "pivot": [
                        0,
                        24,
                        0
                    ],
                    "cubes": [
                        {
                            "origin": [
                                -4,
                                12,
                                -2
                            ],
                            "size": [
                                8,
                                12,
                                4
                            ],
                            "uv": [
                                16,
                                32
                            ],
                            "inflate": 0.25
                        }
                    ]
                },
                {
                    "name": "helmet",
                    "parent": "head",
                    "pivot": [
                        0,
                        24,
                        0
                    ],
                    "cubes": [
                        {
                            "origin": [
                                -8,
                                31,
                                -3
                            ],
                            "size": [
                                2,
                                2,
                                2.00000024
                            ],
                            "uv": [
                                56,
                                33
                            ]
                        },
                        {
                            "origin": [
                                -6,
                                30,
                                -3.00012
                            ],
                            "size": [
                                2,
                                7,
                                2.00024986
                            ],
                            "uv": [
                                56,
                                16
                            ]
                        },
                        {
                            "origin": [
                                4,
                                30,
                                -3.00023
                            ],
                            "size": [
                                2,
                                7,
                                2.00045252
                            ],
                            "uv": [
                                56,
                                16
                            ]
                        },
                        {
                            "origin": [
                                6,
                                31,
                                -3
                            ],
                            "size": [
                                2,
                                2,
                                2.00000024
                            ],
                            "uv": [
                                56,
                                33
                            ]
                        },
                        {
                            "origin": [
                                0,
                                29,
                                -5
                            ],
                            "size": [
                                4.000246,
                                2,
                                1
                            ],
                            "uv": [
                                24,
                                5
                            ]
                        },
                        {
                            "origin": [
                                -4.00012,
                                29,
                                -5
                            ],
                            "size": [
                                4.000335,
                                2,
                                1
                            ],
                            "uv": [
                                24,
                                2
                            ]
                        },
                        {
                            "origin": [
                                -1.00005,
                                27,
                                -5
                            ],
                            "size": [
                                2.000083,
                                2,
                                1
                            ],
                            "uv": [
                                34,
                                5
                            ]
                        },
                        {
                            "origin": [
                                -6,
                                34,
                                -1.00003
                            ],
                            "size": [
                                2,
                                2,
                                2.00003433
                            ],
                            "uv": [
                                56,
                                25
                            ]
                        },
                        {
                            "origin": [
                                4,
                                34,
                                -1.00003
                            ],
                            "size": [
                                2,
                                2,
                                2.00002623
                            ],
                            "uv": [
                                56,
                                29
                            ]
                        }
                    ],
                    "mirror": true
                },
                {
                    "name": "rightPants",
                    "parent": "rightLeg",
                    "pivot": [
                        -1.9,
                        12,
                        0
                    ],
                    "cubes": [
                        {
                            "origin": [
                                -3.9,
                                0,
                                -2
                            ],
                            "size": [
                                4,
                                12,
                                4
                            ],
                            "uv": [
                                0,
                                32
                            ],
                            "inflate": 0.25
                        }
                    ]
                },
                {
                    "name": "leftPants",
                    "parent": "leftLeg",
                    "pivot": [
                        1.9,
                        12,
                        0
                    ],
                    "cubes": [
                        {
                            "origin": [
                                -0.1,
                                0,
                                -2
                            ],
                            "size": [
                                4,
                                12,
                                4
                            ],
                            "uv": [
                                0,
                                48
                            ],
                            "inflate": 0.25
                        }
                    ]
                }
            ]
        }
    ]
}