{
    "format_version": "1.12.0",
    "minecraft:geometry": [
        {
            "description": {
                "identifier": "geometry.BiomeSettlers03.OceanBrewer",
                "texture_width": 64,
                "texture_height": 64
            },
            "bones": [
                {
                    "name": "root",
                    "pivot": [
                        0,
                        0,
                        0
                    ]
                },
                {
                    "name": "body",
                    "parent": "waist",
                    "pivot": [
                        0,
                        24,
                        0
                    ],
                    "cubes": [
                        {
                            "origin": [
                                -4,
                                12,
                                -2
                            ],
                            "size": [
                                8,
                                12,
                                4
                            ],
                            "uv": [
                                16,
                                16
                            ]
                        }
                    ]
                },
                {
                    "name": "waist",
                    "parent": "root",
                    "pivot": [
                        0,
                        12,
                        0
                    ],
                    "cubes": []
                },
                {
                    "name": "head",
                    "parent": "body",
                    "pivot": [
                        0,
                        24,
                        0
                    ],
                    "cubes": [
                        {
                            "origin": [
                                -4,
                                24,
                                -4
                            ],
                            "size": [
                                8,
                                8,
                                8
                            ],
                            "uv": [
                                0,
                                0
                            ]
                        },
                        {
                            "origin": [
                                -2,
                                23,
                                3
                            ],
                            "size": [
                                1,
                                1,
                                1
                            ],
                            "uv": [
                                35,
                                4
                            ]
                        },
                        {
                            "origin": [
                                0.99999,
                                23,
                                3
                            ],
                            "size": [
                                2.000014,
                                1,
                                1
                            ],
                            "uv": [
                                34,
                                6
                            ]
                        }
                    ]
                },
                {
                    "name": "cape",
                    "pivot": [
                        0,
                        24,
                        3
                    ],
                    "parent": "body"
                },
                {
                    "name": "hat",
                    "parent": "head",
                    "pivot": [
                        0,
                        24,
                        0
                    ],
                    "cubes": [
                        {
                            "origin": [
                                -4,
                                24,
                                -4
                            ],
                            "size": [
                                8,
                                8,
                                8
                            ],
                            "uv": [
                                32,
                                0
                            ],
                            "inflate": 0.5
                        }
                    ]
                },
                {
                    "name": "leftArm",
                    "parent": "body",
                    "pivot": [
                        5.001448,
                        22,
                        0
                    ],
                    "cubes": [
                        {
                            "origin": [
                                4,
                                12,
                                -2
                            ],
                            "size": [
                                4,
                                12,
                                4
                            ],
                            "uv": [
                                40,
                                16
                            ]
                        }
                    ],
                    "mirror": true
                },
                {
                    "name": "leftSleeve",
                    "parent": "leftArm",
                    "pivot": [
                        5.001448,
                        22,
                        0
                    ],
                    "cubes": [
                        {
                            "origin": [
                                4,
                                12,
                                -2
                            ],
                            "size": [
                                4,
                                12,
                                4
                            ],
                            "uv": [
                                40,
                                32
                            ],
                            "inflate": 0.25
                        }
                    ],
                    "mirror": true
                },
                {
                    "name": "leftItem",
                    "pivot": [
                        6,
                        15,
                        1
                    ],
                    "parent": "leftArm",
                    "cubes": []
                },
                {
                    "name": "rightArm",
                    "parent": "body",
                    "pivot": [
                        -5,
                        22,
                        0
                    ],
                    "cubes": [
                        {
                            "origin": [
                                -8,
                                12,
                                -2
                            ],
                            "size": [
                                4,
                                12,
                                4
                            ],
                            "uv": [
                                40,
                                16
                            ]
                        }
                    ]
                },
                {
                    "name": "rightSleeve",
                    "parent": "rightArm",
                    "pivot": [
                        -5,
                        22,
                        0
                    ],
                    "cubes": [
                        {
                            "origin": [
                                -8,
                                12,
                                -2
                            ],
                            "size": [
                                4,
                                12,
                                4
                            ],
                            "uv": [
                                40,
                                32
                            ],
                            "inflate": 0.25
                        }
                    ]
                },
                {
                    "name": "rightItem",
                    "pivot": [
                        -6,
                        15,
                        1
                    ],
                    "locators": {
                        "lead_hold": [
                            -6,
                            15,
                            1
                        ]
                    },
                    "parent": "rightArm",
                    "cubes": []
                },
                {
                    "name": "leftLeg",
                    "parent": "root",
                    "pivot": [
                        1.9,
                        12,
                        0
                    ],
                    "cubes": [
                        {
                            "origin": [
                                0,
                                0,
                                -2
                            ],
                            "size": [
                                4,
                                12,
                                4
                            ],
                            "uv": [
                                0,
                                16
                            ]
                        }
                    ],
                    "mirror": true
                },
                {
                    "name": "rightLeg",
                    "parent": "root",
                    "pivot": [
                        -1.90055,
                        12,
                        0
                    ],
                    "cubes": [
                        {
                            "origin": [
                                -4,
                                0,
                                -2
                            ],
                            "size": [
                                4,
                                12,
                                4
                            ],
                            "uv": [
                                0,
                                16
                            ]
                        }
                    ]
                },
                {
                    "name": "jacket",
                    "parent": "body",
                    "pivot": [
                        0,
                        24,
                        0
                    ],
                    "cubes": [
                        {
                            "origin": [
                                -4,
                                12,
                                -2
                            ],
                            "size": [
                                8,
                                12,
                                4
                            ],
                            "uv": [
                                16,
                                32
                            ],
                            "inflate": 0.25
                        }
                    ]
                },
                {
                    "name": "helmet",
                    "parent": "head",
                    "pivot": [
                        0,
                        24,
                        0
                    ],
                    "cubes": [
                        {
                            "origin": [
                                -1,
                                30,
                                5
                            ],
                            "size": [
                                1,
                                1,
                                1
                            ],
                            "uv": [
                                60,
                                56
                            ]
                        },
                        {
                            "origin": [
                                -1.00005,
                                28,
                                4
                            ],
                            "size": [
                                1.00010943,
                                4,
                                1
                            ],
                            "uv": [
                                60,
                                58
                            ]
                        },
                        {
                            "origin": [
                                -2,
                                30,
                                4
                            ],
                            "size": [
                                1,
                                2,
                                1
                            ],
                            "uv": [
                                31,
                                60
                            ]
                        },
                        {
                            "origin": [
                                -1.00006,
                                32,
                                -1
                            ],
                            "size": [
                                1.00012183,
                                1,
                                7
                            ],
                            "uv": [
                                48,
                                56
                            ]
                        },
                        {
                            "origin": [
                                -2,
                                32,
                                0
                            ],
                            "size": [
                                1,
                                1,
                                5
                            ],
                            "uv": [
                                24,
                                58
                            ]
                        },
                        {
                            "origin": [
                                -1.00004,
                                33,
                                0
                            ],
                            "size": [
                                1.00008273,
                                1,
                                6.00000334
                            ],
                            "uv": [
                                50,
                                49
                            ]
                        },
                        {
                            "origin": [
                                -1.0001,
                                34,
                                0
                            ],
                            "size": [
                                1.00020909,
                                1,
                                5
                            ],
                            "uv": [
                                43,
                                57
                            ]
                        },
                        {
                            "origin": [
                                -1.00003,
                                35,
                                1
                            ],
                            "size": [
                                1.0000639,
                                1,
                                5
                            ],
                            "uv": [
                                44,
                                49
                            ]
                        },
                        {
                            "origin": [
                                -1.0e-5,
                                30,
                                4
                            ],
                            "size": [
                                1.000011,
                                2,
                                1
                            ],
                            "uv": [
                                37,
                                60
                            ]
                        },
                        {
                            "origin": [
                                -6.0e-5,
                                32,
                                0
                            ],
                            "size": [
                                1.00011277,
                                1,
                                5
                            ],
                            "uv": [
                                36,
                                58
                            ]
                        },
                        {
                            "origin": [
                                -4.00008,
                                28,
                                -5
                            ],
                            "size": [
                                3.00022268,
                                2,
                                1
                            ],
                            "uv": [
                                0,
                                5
                            ]
                        },
                        {
                            "origin": [
                                -1.00001,
                                27,
                                -5
                            ],
                            "size": [
                                1.00001526,
                                3,
                                1
                            ],
                            "uv": [
                                36,
                                0
                            ]
                        },
                        {
                            "origin": [
                                -4.00003,
                                27,
                                -5
                            ],
                            "size": [
                                3.0000267,
                                1,
                                1
                            ],
                            "uv": [
                                0,
                                3
                            ]
                        },
                        {
                            "origin": [
                                -2.00002,
                                26,
                                -5
                            ],
                            "size": [
                                4.000025,
                                1,
                                1
                            ],
                            "uv": [
                                24,
                                6
                            ]
                        },
                        {
                            "origin": [
                                -4,
                                26,
                                -5
                            ],
                            "size": [
                                2,
                                1,
                                1
                            ],
                            "uv": [
                                2,
                                1
                            ]
                        },
                        {
                            "origin": [
                                -2,
                                23,
                                -5
                            ],
                            "size": [
                                1,
                                3,
                                1
                            ],
                            "uv": [
                                24,
                                2
                            ]
                        },
                        {
                            "origin": [
                                1,
                                23,
                                -5
                            ],
                            "size": [
                                1,
                                3,
                                1
                            ],
                            "uv": [
                                28,
                                2
                            ]
                        },
                        {
                            "origin": [
                                5,
                                29,
                                -2.0e-5
                            ],
                            "size": [
                                3,
                                1,
                                1.00003386
                            ],
                            "uv": [
                                52,
                                18
                            ]
                        },
                        {
                            "origin": [
                                4,
                                25,
                                -0.0001
                            ],
                            "size": [
                                2,
                                4,
                                1.00020707
                            ],
                            "uv": [
                                56,
                                25
                            ]
                        },
                        {
                            "origin": [
                                6,
                                26,
                                0
                            ],
                            "size": [
                                1,
                                1,
                                1
                            ],
                            "uv": [
                                52,
                                16
                            ]
                        },
                        {
                            "origin": [
                                -8,
                                29,
                                -4.0e-5
                            ],
                            "size": [
                                3,
                                1,
                                1.00007653
                            ],
                            "uv": [
                                52,
                                18
                            ]
                        },
                        {
                            "origin": [
                                -6,
                                25,
                                -0.00027
                            ],
                            "size": [
                                2,
                                4,
                                1.00054169
                            ],
                            "uv": [
                                56,
                                20
                            ]
                        },
                        {
                            "origin": [
                                -7,
                                26,
                                0
                            ],
                            "size": [
                                1,
                                1,
                                1
                            ],
                            "uv": [
                                52,
                                16
                            ]
                        }
                    ]
                },
                {
                    "name": "leftArmArmor",
                    "parent": "leftArm",
                    "pivot": [
                        5.001448,
                        22,
                        0
                    ],
                    "cubes": []
                },
                {
                    "name": "rightArmArmor",
                    "parent": "rightArm",
                    "pivot": [
                        -5,
                        22,
                        0
                    ],
                    "cubes": []
                },
                {
                    "name": "leftPants",
                    "parent": "leftLeg",
                    "pivot": [
                        1.9,
                        12,
                        0
                    ],
                    "cubes": [
                        {
                            "origin": [
                                0,
                                0,
                                -2
                            ],
                            "size": [
                                4,
                                12,
                                4
                            ],
                            "uv": [
                                0,
                                32
                            ],
                            "inflate": 0.25
                        }
                    ],
                    "mirror": true
                },
                {
                    "name": "rightPants",
                    "parent": "rightLeg",
                    "pivot": [
                        -1.90055,
                        12,
                        0
                    ],
                    "cubes": [
                        {
                            "origin": [
                                -4,
                                0,
                                -2
                            ],
                            "size": [
                                4,
                                12,
                                4
                            ],
                            "uv": [
                                0,
                                32
                            ],
                            "inflate": 0.25
                        }
                    ]
                }
            ]
        }
    ]
}