{
    "format_version": "1.12.0",
    "minecraft:geometry": [
        {
            "description": {
                "identifier": "geometry.Fallout.Fallout4NickValentine",
                "texture_width": 64,
                "texture_height": 64
            },
            "bones": [
                {
                    "name": "root",
                    "pivot": [
                        0,
                        0,
                        0
                    ]
                },
                {
                    "name": "body",
                    "parent": "waist",
                    "pivot": [
                        0,
                        24,
                        0
                    ],
                    "cubes": [
                        {
                            "origin": [
                                -4,
                                12,
                                -2
                            ],
                            "size": [
                                8,
                                12,
                                4
                            ],
                            "uv": [
                                16,
                                16
                            ]
                        }
                    ]
                },
                {
                    "name": "waist",
                    "parent": "root",
                    "pivot": [
                        0,
                        12,
                        0
                    ],
                    "cubes": []
                },
                {
                    "name": "head",
                    "parent": "body",
                    "pivot": [
                        0,
                        24,
                        0
                    ],
                    "cubes": [
                        {
                            "origin": [
                                -4,
                                24,
                                -4
                            ],
                            "size": [
                                8,
                                8,
                                8
                            ],
                            "uv": [
                                0,
                                0
                            ]
                        },
                        {
                            "origin": [
                                -3.5,
                                25.5,
                                -3
                            ],
                            "size": [
                                1,
                                4,
                                4
                            ],
                            "uv": [
                                24,
                                0
                            ]
                        },
                        {
                            "origin": [
                                2.5,
                                25.5,
                                -3
                            ],
                            "size": [
                                1,
                                4,
                                4
                            ],
                            "uv": [
                                24,
                                0
                            ]
                        },
                        {
                            "origin": [
                                -3.5,
                                24.5,
                                -3
                            ],
                            "size": [
                                3.00016427,
                                1,
                                4
                            ],
                            "uv": [
                                50,
                                3
                            ]
                        },
                        {
                            "origin": [
                                -0.50028,
                                24.5,
                                -3
                            ],
                            "size": [
                                3.000281,
                                1,
                                4.000003
                            ],
                            "uv": [
                                50,
                                3
                            ]
                        },
                        {
                            "origin": [
                                2.5,
                                24.5,
                                -3
                            ],
                            "size": [
                                1,
                                1,
                                4.00000238
                            ],
                            "uv": [
                                54,
                                28
                            ]
                        }
                    ],
                    "mirror": true
                },
                {
                    "name": "cape",
                    "pivot": [
                        0,
                        24,
                        3
                    ],
                    "parent": "body"
                },
                {
                    "name": "hat",
                    "parent": "head",
                    "pivot": [
                        0,
                        24,
                        0
                    ],
                    "cubes": []
                },
                {
                    "name": "leftArm",
                    "parent": "body",
                    "pivot": [
                        5,
                        22,
                        0
                    ],
                    "cubes": [
                        {
                            "origin": [
                                4,
                                12,
                                -2
                            ],
                            "size": [
                                4,
                                12,
                                4
                            ],
                            "uv": [
                                32,
                                48
                            ]
                        }
                    ]
                },
                {
                    "name": "leftSleeve",
                    "parent": "leftArm",
                    "pivot": [
                        5,
                        22,
                        0
                    ],
                    "cubes": [
                        {
                            "origin": [
                                4,
                                12,
                                -2
                            ],
                            "size": [
                                4,
                                12,
                                4
                            ],
                            "uv": [
                                48,
                                48
                            ],
                            "inflate": 0.25
                        }
                    ]
                },
                {
                    "name": "leftItem",
                    "pivot": [
                        6,
                        15,
                        1
                    ],
                    "parent": "leftArm",
                    "cubes": []
                },
                {
                    "name": "rightArm",
                    "parent": "body",
                    "pivot": [
                        -5,
                        22,
                        0
                    ],
                    "cubes": [
                        {
                            "origin": [
                                -8,
                                12,
                                -2
                            ],
                            "size": [
                                4,
                                12,
                                4
                            ],
                            "uv": [
                                40,
                                16
                            ]
                        },
                        {
                            "origin": [
                                -8,
                                14,
                                0
                            ],
                            "size": [
                                4,
                                1,
                                2.0000248
                            ],
                            "uv": [
                                51,
                                0
                            ]
                        },
                        {
                            "origin": [
                                -8,
                                14,
                                -2
                            ],
                            "size": [
                                4,
                                1,
                                2.00001431
                            ],
                            "uv": [
                                51,
                                0
                            ]
                        }
                    ]
                },
                {
                    "name": "rightSleeve",
                    "parent": "rightArm",
                    "pivot": [
                        -5,
                        22,
                        0
                    ],
                    "cubes": [
                        {
                            "origin": [
                                -8,
                                12,
                                -2
                            ],
                            "size": [
                                4,
                                12,
                                4
                            ],
                            "uv": [
                                40,
                                32
                            ],
                            "inflate": 0.25
                        }
                    ]
                },
                {
                    "name": "rightItem",
                    "pivot": [
                        -6,
                        15,
                        1
                    ],
                    "locators": {
                        "lead_hold": [
                            -6,
                            15,
                            1
                        ]
                    },
                    "parent": "rightArm",
                    "cubes": []
                },
                {
                    "name": "leftLeg",
                    "parent": "root",
                    "pivot": [
                        1.9,
                        12,
                        0
                    ],
                    "cubes": [
                        {
                            "origin": [
                                -0.1,
                                0,
                                -2
                            ],
                            "size": [
                                4,
                                12,
                                4
                            ],
                            "uv": [
                                16,
                                48
                            ]
                        }
                    ]
                },
                {
                    "name": "rightLeg",
                    "parent": "root",
                    "pivot": [
                        -1.9,
                        12,
                        0
                    ],
                    "cubes": [
                        {
                            "origin": [
                                -3.9,
                                0,
                                -2
                            ],
                            "size": [
                                4,
                                12,
                                4
                            ],
                            "uv": [
                                0,
                                16
                            ]
                        }
                    ]
                },
                {
                    "name": "jacket",
                    "parent": "body",
                    "pivot": [
                        0,
                        24,
                        0
                    ],
                    "cubes": [
                        {
                            "origin": [
                                -4,
                                12,
                                -2
                            ],
                            "size": [
                                8,
                                12,
                                4
                            ],
                            "uv": [
                                16,
                                32
                            ],
                            "inflate": 0.25
                        }
                    ]
                },
                {
                    "name": "leftPants",
                    "parent": "leftLeg",
                    "pivot": [
                        1.9,
                        12,
                        0
                    ],
                    "cubes": [
                        {
                            "origin": [
                                -0.1,
                                0,
                                -2
                            ],
                            "size": [
                                4,
                                12,
                                4
                            ],
                            "uv": [
                                0,
                                48
                            ],
                            "inflate": 0.25
                        }
                    ]
                },
                {
                    "name": "rightPants",
                    "parent": "rightLeg",
                    "pivot": [
                        -1.9,
                        12,
                        0
                    ],
                    "cubes": [
                        {
                            "origin": [
                                -3.9,
                                0,
                                -2
                            ],
                            "size": [
                                4,
                                12,
                                4
                            ],
                            "uv": [
                                0,
                                32
                            ],
                            "inflate": 0.25
                        }
                    ]
                },
                {
                    "name": "helmet",
                    "parent": "head",
                    "pivot": [
                        0,
                        24,
                        0
                    ],
                    "cubes": [
                        {
                            "origin": [
                                0,
                                29,
                                -6
                            ],
                            "size": [
                                6,
                                1,
                                6
                            ],
                            "uv": [
                                32,
                                9
                            ]
                        },
                        {
                            "origin": [
                                -6,
                                29,
                                -6
                            ],
                            "size": [
                                6,
                                1,
                                6
                            ],
                            "uv": [
                                32,
                                9
                            ]
                        },
                        {
                            "origin": [
                                -6,
                                29,
                                0
                            ],
                            "size": [
                                6,
                                1,
                                6
                            ],
                            "uv": [
                                32,
                                2
                            ]
                        },
                        {
                            "origin": [
                                0,
                                29,
                                0
                            ],
                            "size": [
                                6,
                                1,
                                6
                            ],
                            "uv": [
                                32,
                                2
                            ]
                        },
                        {
                            "origin": [
                                -7.0e-5,
                                32,
                                -2
                            ],
                            "size": [
                                4.00013542,
                                1,
                                2.00000024
                            ],
                            "uv": [
                                52,
                                17
                            ]
                        },
                        {
                            "origin": [
                                -7.0e-5,
                                32,
                                -4
                            ],
                            "size": [
                                4.000101,
                                1,
                                2
                            ],
                            "uv": [
                                52,
                                33
                            ]
                        },
                        {
                            "origin": [
                                -4.00007,
                                32,
                                -2
                            ],
                            "size": [
                                4.00013828,
                                1,
                                2.00000024
                            ],
                            "uv": [
                                52,
                                17
                            ]
                        },
                        {
                            "origin": [
                                -4,
                                32,
                                -4
                            ],
                            "size": [
                                4.00005627,
                                1,
                                2
                            ],
                            "uv": [
                                52,
                                33
                            ]
                        },
                        {
                            "origin": [
                                -8.0e-5,
                                32,
                                -2.0e-5
                            ],
                            "size": [
                                4.00015545,
                                1,
                                2.00001669
                            ],
                            "uv": [
                                50,
                                12
                            ]
                        },
                        {
                            "origin": [
                                -0.00012,
                                32,
                                2
                            ],
                            "size": [
                                4.00015259,
                                1,
                                2
                            ],
                            "uv": [
                                50,
                                9
                            ]
                        },
                        {
                            "origin": [
                                -4.00007,
                                32,
                                -1.0e-5
                            ],
                            "size": [
                                4.000148,
                                1,
                                2.000014
                            ],
                            "uv": [
                                50,
                                12
                            ]
                        },
                        {
                            "origin": [
                                -4.00003,
                                32,
                                2
                            ],
                            "size": [
                                4.000099,
                                1,
                                2
                            ],
                            "uv": [
                                50,
                                9
                            ]
                        }
                    ],
                    "mirror": true
                }
            ]
        }
    ]
}