{
    "format_version": "1.12.0",
    "minecraft:geometry": [
        {
            "description": {
                "identifier": "geometry.JourneyToTheWest.blackwind",
                "texture_width": 64,
                "texture_height": 64
            },
            "bones": [
                {
                    "name": "root",
                    "pivot": [
                        0,
                        0,
                        0
                    ]
                },
                {
                    "name": "body",
                    "parent": "waist",
                    "pivot": [
                        0,
                        24,
                        0
                    ],
                    "cubes": [
                        {
                            "origin": [
                                -4,
                                12,
                                -2
                            ],
                            "size": [
                                8,
                                12,
                                4
                            ],
                            "uv": [
                                16,
                                16
                            ]
                        }
                    ]
                },
                {
                    "name": "waist",
                    "parent": "root",
                    "pivot": [
                        0,
                        12,
                        0
                    ]
                },
                {
                    "name": "head",
                    "parent": "body",
                    "pivot": [
                        0,
                        24,
                        0
                    ],
                    "cubes": [
                        {
                            "origin": [
                                -4,
                                24,
                                -4
                            ],
                            "size": [
                                8,
                                8,
                                8
                            ],
                            "uv": [
                                0,
                                0
                            ]
                        }
                    ]
                },
                {
                    "name": "cape",
                    "pivot": [
                        0,
                        24,
                        3
                    ],
                    "parent": "body"
                },
                {
                    "name": "hat",
                    "parent": "head",
                    "pivot": [
                        0,
                        24,
                        0
                    ],
                    "cubes": [
                        {
                            "origin": [
                                -4,
                                24,
                                -4
                            ],
                            "size": [
                                8,
                                8,
                                8
                            ],
                            "uv": [
                                32,
                                0
                            ],
                            "inflate": 0.5
                        }
                    ]
                },
                {
                    "name": "leftArm",
                    "parent": "body",
                    "pivot": [
                        5.001448,
                        22,
                        0
                    ],
                    "cubes": [
                        {
                            "origin": [
                                4,
                                12,
                                -2
                            ],
                            "size": [
                                4,
                                12,
                                4
                            ],
                            "uv": [
                                40,
                                16
                            ]
                        }
                    ],
                    "mirror": true
                },
                {
                    "name": "leftSleeve",
                    "parent": "leftArm",
                    "pivot": [
                        5.001448,
                        22,
                        0
                    ],
                    "cubes": [
                        {
                            "origin": [
                                4,
                                12,
                                -2
                            ],
                            "size": [
                                4,
                                12,
                                4
                            ],
                            "uv": [
                                40,
                                32
                            ],
                            "inflate": 0.25
                        }
                    ],
                    "mirror": true
                },
                {
                    "name": "leftItem",
                    "pivot": [
                        6,
                        15,
                        1
                    ],
                    "parent": "leftArm"
                },
                {
                    "name": "rightArm",
                    "parent": "body",
                    "pivot": [
                        -5,
                        22,
                        0
                    ],
                    "cubes": [
                        {
                            "origin": [
                                -8,
                                12,
                                -2
                            ],
                            "size": [
                                4,
                                12,
                                4
                            ],
                            "uv": [
                                40,
                                16
                            ]
                        }
                    ]
                },
                {
                    "name": "rightSleeve",
                    "parent": "rightArm",
                    "pivot": [
                        -5,
                        22,
                        0
                    ],
                    "cubes": [
                        {
                            "origin": [
                                -8,
                                12,
                                -2
                            ],
                            "size": [
                                4,
                                12,
                                4
                            ],
                            "uv": [
                                40,
                                32
                            ],
                            "inflate": 0.25
                        }
                    ]
                },
                {
                    "name": "rightItem",
                    "pivot": [
                        -6,
                        15,
                        1
                    ],
                    "locators": {
                        "lead_hold": [
                            -6,
                            15,
                            1
                        ]
                    },
                    "parent": "rightArm"
                },
                {
                    "name": "leftLeg",
                    "parent": "root",
                    "pivot": [
                        1.9,
                        12,
                        0
                    ],
                    "cubes": [
                        {
                            "origin": [
                                0,
                                0,
                                -2
                            ],
                            "size": [
                                4,
                                12,
                                4
                            ],
                            "uv": [
                                16,
                                48
                            ]
                        }
                    ]
                },
                {
                    "name": "rightLeg",
                    "parent": "root",
                    "pivot": [
                        -1.900551,
                        12,
                        0
                    ],
                    "cubes": [
                        {
                            "origin": [
                                -4,
                                0,
                                -2
                            ],
                            "size": [
                                4,
                                12,
                                4
                            ],
                            "uv": [
                                0,
                                16
                            ]
                        }
                    ]
                },
                {
                    "name": "jacket",
                    "parent": "body",
                    "pivot": [
                        0,
                        24,
                        0
                    ],
                    "cubes": [
                        {
                            "origin": [
                                -4,
                                12,
                                -2
                            ],
                            "size": [
                                8,
                                12,
                                4
                            ],
                            "uv": [
                                16,
                                32
                            ],
                            "inflate": 0.25
                        }
                    ]
                },
                {
                    "name": "helmet",
                    "parent": "head",
                    "pivot": [
                        0,
                        24,
                        0
                    ],
                    "cubes": [
                        {
                            "origin": [
                                -2,
                                34,
                                -2
                            ],
                            "size": [
                                4,
                                1,
                                4
                            ],
                            "uv": [
                                38,
                                56
                            ]
                        },
                        {
                            "origin": [
                                -2,
                                32,
                                -3
                            ],
                            "size": [
                                4,
                                2,
                                1
                            ],
                            "uv": [
                                42,
                                61
                            ]
                        },
                        {
                            "origin": [
                                -3,
                                32,
                                -2
                            ],
                            "size": [
                                1,
                                2,
                                4
                            ],
                            "uv": [
                                32,
                                58
                            ]
                        },
                        {
                            "origin": [
                                2,
                                32,
                                -2
                            ],
                            "size": [
                                1,
                                2,
                                4
                            ],
                            "uv": [
                                52,
                                58
                            ]
                        },
                        {
                            "origin": [
                                -2,
                                32,
                                2
                            ],
                            "size": [
                                4,
                                2,
                                1
                            ],
                            "uv": [
                                32,
                                55
                            ]
                        },
                        {
                            "origin": [
                                -1,
                                34,
                                -4
                            ],
                            "size": [
                                2,
                                1,
                                1
                            ],
                            "uv": [
                                38,
                                51
                            ]
                        },
                        {
                            "origin": [
                                -4,
                                34,
                                -1
                            ],
                            "size": [
                                1,
                                1,
                                2
                            ],
                            "uv": [
                                32,
                                50
                            ]
                        },
                        {
                            "origin": [
                                -1,
                                35,
                                -1
                            ],
                            "size": [
                                2,
                                1,
                                2
                            ],
                            "uv": [
                                37,
                                48
                            ]
                        },
                        {
                            "origin": [
                                3,
                                34,
                                -1
                            ],
                            "size": [
                                1,
                                1,
                                2
                            ],
                            "uv": [
                                44,
                                50
                            ]
                        },
                        {
                            "origin": [
                                -1,
                                34,
                                3
                            ],
                            "size": [
                                2,
                                1,
                                1
                            ],
                            "uv": [
                                50,
                                51
                            ]
                        },
                        {
                            "origin": [
                                -6,
                                32,
                                -1
                            ],
                            "size": [
                                3,
                                1,
                                1
                            ],
                            "uv": [
                                0,
                                3
                            ]
                        },
                        {
                            "origin": [
                                -5,
                                30,
                                -1
                            ],
                            "size": [
                                1,
                                2,
                                1
                            ],
                            "uv": [
                                2,
                                5
                            ]
                        },
                        {
                            "origin": [
                                3,
                                32,
                                -1
                            ],
                            "size": [
                                3,
                                1,
                                1
                            ],
                            "uv": [
                                23,
                                3
                            ]
                        },
                        {
                            "origin": [
                                4,
                                30,
                                -1
                            ],
                            "size": [
                                1,
                                2,
                                1
                            ],
                            "uv": [
                                26,
                                5
                            ]
                        },
                        {
                            "origin": [
                                -2,
                                25,
                                -5
                            ],
                            "size": [
                                4,
                                3,
                                1
                            ],
                            "uv": [
                                30,
                                4
                            ]
                        }
                    ]
                },
                {
                    "name": "rightArmArmor",
                    "parent": "rightArm",
                    "pivot": [
                        -5,
                        22,
                        0
                    ],
                    "cubes": [
                        {
                            "origin": [
                                -7,
                                23,
                                -3
                            ],
                            "size": [
                                2,
                                3,
                                1
                            ],
                            "uv": [
                                58,
                                55
                            ]
                        },
                        {
                            "origin": [
                                -8,
                                26,
                                -2
                            ],
                            "size": [
                                2,
                                1,
                                4
                            ],
                            "uv": [
                                52,
                                50
                            ]
                        },
                        {
                            "origin": [
                                -7,
                                23,
                                2
                            ],
                            "size": [
                                2,
                                3,
                                1
                            ],
                            "uv": [
                                50,
                                55
                            ]
                        }
                    ]
                },
                {
                    "name": "leftArmArmor",
                    "parent": "leftArm",
                    "pivot": [
                        5,
                        22,
                        0
                    ],
                    "cubes": [
                        {
                            "origin": [
                                5,
                                23,
                                -3
                            ],
                            "size": [
                                2,
                                3,
                                1
                            ],
                            "uv": [
                                58,
                                55
                            ]
                        },
                        {
                            "origin": [
                                6,
                                26,
                                -2
                            ],
                            "size": [
                                2,
                                1,
                                4
                            ],
                            "uv": [
                                52,
                                50
                            ]
                        },
                        {
                            "origin": [
                                5,
                                23,
                                2
                            ],
                            "size": [
                                2,
                                3,
                                1
                            ],
                            "uv": [
                                50,
                                55
                            ]
                        }
                    ],
                    "mirror": true
                },
                {
                    "name": "bodyArmor",
                    "parent": "body",
                    "pivot": [
                        0,
                        24,
                        0
                    ],
                    "cubes": [
                        {
                            "origin": [
                                -4,
                                20,
                                -3
                            ],
                            "size": [
                                2,
                                2,
                                1
                            ],
                            "uv": [
                                45,
                                53
                            ]
                        },
                        {
                            "origin": [
                                2,
                                20,
                                -3
                            ],
                            "size": [
                                2,
                                2,
                                1
                            ],
                            "uv": [
                                58,
                                59
                            ]
                        },
                        {
                            "origin": [
                                -4,
                                20,
                                2
                            ],
                            "size": [
                                2,
                                2,
                                1
                            ],
                            "uv": [
                                48,
                                48
                            ]
                        },
                        {
                            "origin": [
                                2,
                                20,
                                2
                            ],
                            "size": [
                                2,
                                2,
                                1
                            ],
                            "uv": [
                                58,
                                47
                            ]
                        }
                    ]
                },
                {
                    "name": "rightPants",
                    "parent": "rightLeg",
                    "pivot": [
                        -1.900551,
                        12,
                        0
                    ],
                    "cubes": [
                        {
                            "origin": [
                                -4,
                                0,
                                -2
                            ],
                            "size": [
                                4,
                                12,
                                4
                            ],
                            "uv": [
                                0,
                                32
                            ],
                            "inflate": 0.25
                        }
                    ]
                },
                {
                    "name": "leftPants",
                    "parent": "leftLeg",
                    "pivot": [
                        1.9,
                        12,
                        0
                    ],
                    "cubes": [
                        {
                            "origin": [
                                0,
                                0,
                                -2
                            ],
                            "size": [
                                4,
                                12,
                                4
                            ],
                            "uv": [
                                0,
                                48
                            ],
                            "inflate": 0.25
                        }
                    ]
                }
            ]
        }
    ]
}