{
    "format_version": "1.12.0",
    "minecraft:geometry": [
        {
            "description": {
                "identifier": "geometry.MagicTheGathering.Nissa",
                "texture_width": 64,
                "texture_height": 64
            },
            "bones": [
                {
                    "name": "root",
                    "pivot": [
                        0,
                        0,
                        0
                    ]
                },
                {
                    "name": "body",
                    "parent": "waist",
                    "pivot": [
                        0,
                        24,
                        0
                    ],
                    "cubes": [
                        {
                            "origin": [
                                -4,
                                12,
                                -2
                            ],
                            "size": [
                                8,
                                12,
                                4
                            ],
                            "uv": [
                                16,
                                16
                            ]
                        }
                    ]
                },
                {
                    "name": "waist",
                    "parent": "root",
                    "pivot": [
                        0,
                        12,
                        0
                    ],
                    "cubes": []
                },
                {
                    "name": "head",
                    "parent": "body",
                    "pivot": [
                        0,
                        24,
                        0
                    ],
                    "cubes": [
                        {
                            "origin": [
                                -4,
                                24,
                                -4
                            ],
                            "size": [
                                8,
                                8,
                                8
                            ],
                            "uv": [
                                0,
                                0
                            ]
                        }
                    ],
                    "mirror": true
                },
                {
                    "name": "cape",
                    "pivot": [
                        0,
                        24,
                        3
                    ],
                    "parent": "body"
                },
                {
                    "name": "hat",
                    "parent": "head",
                    "pivot": [
                        0,
                        24,
                        0
                    ],
                    "cubes": [
                        {
                            "origin": [
                                -4,
                                24,
                                -4
                            ],
                            "size": [
                                8,
                                8,
                                8
                            ],
                            "uv": [
                                32,
                                0
                            ],
                            "inflate": 0.5
                        }
                    ]
                },
                {
                    "name": "leftArm",
                    "parent": "body",
                    "pivot": [
                        5.001448,
                        21.5,
                        0
                    ],
                    "cubes": [
                        {
                            "origin": [
                                4,
                                11.5,
                                -2
                            ],
                            "size": [
                                3,
                                12,
                                4
                            ],
                            "uv": [
                                40,
                                16
                            ]
                        }
                    ],
                    "mirror": true
                },
                {
                    "name": "leftSleeve",
                    "parent": "leftArm",
                    "pivot": [
                        5.001448,
                        21.5,
                        0
                    ],
                    "cubes": [
                        {
                            "origin": [
                                4,
                                11.5,
                                -2
                            ],
                            "size": [
                                3,
                                12,
                                4
                            ],
                            "uv": [
                                16,
                                48
                            ],
                            "inflate": 0.25
                        }
                    ],
                    "mirror": true
                },
                {
                    "name": "leftItem",
                    "pivot": [
                        6,
                        14.5,
                        1
                    ],
                    "parent": "leftArm",
                    "cubes": []
                },
                {
                    "name": "rightArm",
                    "parent": "body",
                    "pivot": [
                        -5,
                        21.5,
                        0
                    ],
                    "cubes": [
                        {
                            "origin": [
                                -7,
                                11.5,
                                -2
                            ],
                            "size": [
                                3,
                                12,
                                4
                            ],
                            "uv": [
                                40,
                                16
                            ]
                        }
                    ]
                },
                {
                    "name": "rightSleeve",
                    "parent": "rightArm",
                    "pivot": [
                        -5,
                        21.5,
                        0
                    ],
                    "cubes": [
                        {
                            "origin": [
                                -7,
                                11.5,
                                -2
                            ],
                            "size": [
                                3,
                                12,
                                4
                            ],
                            "uv": [
                                40,
                                32
                            ],
                            "inflate": 0.25
                        }
                    ]
                },
                {
                    "name": "rightItem",
                    "pivot": [
                        -6,
                        14.5,
                        1
                    ],
                    "locators": {
                        "lead_hold": [
                            -6,
                            15,
                            1
                        ]
                    },
                    "parent": "rightArm",
                    "cubes": []
                },
                {
                    "name": "leftLeg",
                    "parent": "root",
                    "pivot": [
                        1.9,
                        12,
                        0
                    ],
                    "cubes": [
                        {
                            "origin": [
                                0,
                                0,
                                -2
                            ],
                            "size": [
                                4,
                                12,
                                4
                            ],
                            "uv": [
                                0,
                                16
                            ]
                        }
                    ],
                    "mirror": true
                },
                {
                    "name": "rightLeg",
                    "parent": "root",
                    "pivot": [
                        -1.90055,
                        12,
                        0
                    ],
                    "cubes": [
                        {
                            "origin": [
                                -4,
                                0,
                                -2
                            ],
                            "size": [
                                4,
                                12,
                                4
                            ],
                            "uv": [
                                0,
                                16
                            ]
                        }
                    ]
                },
                {
                    "name": "jacket",
                    "parent": "body",
                    "pivot": [
                        0,
                        24,
                        0
                    ],
                    "cubes": [
                        {
                            "origin": [
                                -4,
                                12,
                                -2
                            ],
                            "size": [
                                8,
                                12,
                                4
                            ],
                            "uv": [
                                16,
                                32
                            ],
                            "inflate": 0.25
                        }
                    ]
                },
                {
                    "name": "rightPants",
                    "parent": "rightLeg",
                    "pivot": [
                        -1.90055,
                        12,
                        0
                    ],
                    "cubes": [
                        {
                            "origin": [
                                -4,
                                0,
                                -2
                            ],
                            "size": [
                                4,
                                12,
                                4
                            ],
                            "uv": [
                                0,
                                32
                            ],
                            "inflate": 0.25
                        }
                    ]
                },
                {
                    "name": "leftPants",
                    "parent": "leftLeg",
                    "pivot": [
                        1.9,
                        12,
                        0
                    ],
                    "cubes": [
                        {
                            "origin": [
                                0,
                                0,
                                -2
                            ],
                            "size": [
                                4,
                                12,
                                4
                            ],
                            "uv": [
                                0,
                                48
                            ],
                            "inflate": 0.25
                        }
                    ],
                    "mirror": true
                },
                {
                    "name": "bodyArmor",
                    "parent": "body",
                    "pivot": [
                        0,
                        24,
                        0
                    ],
                    "cubes": [
                        {
                            "origin": [
                                3,
                                21,
                                2
                            ],
                            "size": [
                                1,
                                1,
                                3
                            ],
                            "uv": [
                                0,
                                0
                            ]
                        },
                        {
                            "origin": [
                                3,
                                20,
                                3
                            ],
                            "size": [
                                1,
                                1,
                                1
                            ],
                            "uv": [
                                0,
                                16
                            ]
                        },
                        {
                            "origin": [
                                3,
                                22,
                                2
                            ],
                            "size": [
                                1,
                                1,
                                3
                            ],
                            "uv": [
                                0,
                                4
                            ]
                        },
                        {
                            "origin": [
                                3,
                                20,
                                2
                            ],
                            "size": [
                                1,
                                1,
                                1
                            ],
                            "uv": [
                                0,
                                18
                            ]
                        },
                        {
                            "origin": [
                                -4.00018,
                                12,
                                1.99986
                            ],
                            "size": [
                                6.000425,
                                11,
                                1.00028324
                            ],
                            "uv": [
                                30,
                                52
                            ]
                        },
                        {
                            "origin": [
                                -4.00022,
                                6,
                                1.99988
                            ],
                            "size": [
                                6.00054359,
                                6,
                                1.00022984
                            ],
                            "uv": [
                                44,
                                49
                            ]
                        },
                        {
                            "origin": [
                                3,
                                15.5,
                                4.99949
                            ],
                            "size": [
                                1,
                                14,
                                1.00101662
                            ],
                            "uv": [
                                58,
                                29
                            ]
                        },
                        {
                            "origin": [
                                2,
                                31.5,
                                5
                            ],
                            "size": [
                                1,
                                3,
                                1
                            ],
                            "uv": [
                                12,
                                48
                            ]
                        },
                        {
                            "origin": [
                                3,
                                29.5,
                                5
                            ],
                            "size": [
                                1,
                                4,
                                1
                            ],
                            "uv": [
                                54,
                                16
                            ]
                        },
                        {
                            "origin": [
                                3,
                                33.5,
                                5
                            ],
                            "size": [
                                1,
                                3,
                                1
                            ],
                            "uv": [
                                12,
                                32
                            ]
                        },
                        {
                            "origin": [
                                4,
                                33.5,
                                5
                            ],
                            "size": [
                                1,
                                2,
                                1
                            ],
                            "uv": [
                                44,
                                60
                            ]
                        },
                        {
                            "origin": [
                                5,
                                31.5,
                                5
                            ],
                            "size": [
                                1,
                                3,
                                1
                            ],
                            "uv": [
                                26,
                                48
                            ]
                        },
                        {
                            "origin": [
                                4,
                                29.5,
                                5
                            ],
                            "size": [
                                1,
                                2,
                                1
                            ],
                            "uv": [
                                56,
                                0
                            ]
                        },
                        {
                            "origin": [
                                5,
                                27.5,
                                5
                            ],
                            "size": [
                                1,
                                3,
                                1
                            ],
                            "uv": [
                                36,
                                32
                            ]
                        },
                        {
                            "origin": [
                                1,
                                29.5,
                                5
                            ],
                            "size": [
                                1,
                                3,
                                1
                            ],
                            "uv": [
                                16,
                                48
                            ]
                        },
                        {
                            "origin": [
                                2,
                                24.5,
                                5
                            ],
                            "size": [
                                1,
                                6,
                                1
                            ],
                            "uv": [
                                36,
                                1
                            ]
                        },
                        {
                            "origin": [
                                -2.0e-5,
                                26.5,
                                5
                            ],
                            "size": [
                                1.00004053,
                                3,
                                1
                            ],
                            "uv": [
                                16,
                                32
                            ]
                        },
                        {
                            "origin": [
                                4,
                                25.5,
                                5
                            ],
                            "size": [
                                1,
                                3,
                                1
                            ],
                            "uv": [
                                40,
                                32
                            ]
                        },
                        {
                            "origin": [
                                1,
                                25.5,
                                5
                            ],
                            "size": [
                                1,
                                1,
                                1
                            ],
                            "uv": [
                                50,
                                18
                            ]
                        },
                        {
                            "origin": [
                                3,
                                7.5,
                                4.99949
                            ],
                            "size": [
                                1,
                                8,
                                1.00099945
                            ],
                            "uv": [
                                54,
                                35
                            ]
                        },
                        {
                            "origin": [
                                4,
                                7.5,
                                5
                            ],
                            "size": [
                                1,
                                8,
                                1
                            ],
                            "uv": [
                                54,
                                26
                            ]
                        },
                        {
                            "origin": [
                                2,
                                7.5,
                                5
                            ],
                            "size": [
                                1,
                                8,
                                1
                            ],
                            "uv": [
                                54,
                                26
                            ]
                        },
                        {
                            "origin": [
                                2,
                                15.5,
                                5
                            ],
                            "size": [
                                1,
                                9,
                                1
                            ],
                            "uv": [
                                60,
                                49
                            ]
                        },
                        {
                            "origin": [
                                4,
                                15.5,
                                5
                            ],
                            "size": [
                                1,
                                10,
                                1
                            ],
                            "uv": [
                                58,
                                16
                            ]
                        },
                        {
                            "origin": [
                                5,
                                25.5,
                                5
                            ],
                            "size": [
                                1,
                                2,
                                1
                            ],
                            "uv": [
                                30,
                                48
                            ]
                        },
                        {
                            "origin": [
                                1,
                                24.5,
                                5
                            ],
                            "size": [
                                1,
                                1,
                                1
                            ],
                            "uv": [
                                30,
                                48
                            ]
                        },
                        {
                            "origin": [
                                0,
                                25.5,
                                5
                            ],
                            "size": [
                                1,
                                1,
                                1
                            ],
                            "uv": [
                                30,
                                48
                            ]
                        },
                        {
                            "origin": [
                                -1.00001,
                                26.5,
                                5
                            ],
                            "size": [
                                1.00001287,
                                3,
                                1
                            ],
                            "uv": [
                                30,
                                48
                            ]
                        },
                        {
                            "origin": [
                                6,
                                27.5,
                                5
                            ],
                            "size": [
                                1,
                                3,
                                1
                            ],
                            "uv": [
                                30,
                                48
                            ]
                        },
                        {
                            "origin": [
                                6,
                                31.5,
                                5
                            ],
                            "size": [
                                1,
                                3,
                                1
                            ],
                            "uv": [
                                30,
                                48
                            ]
                        },
                        {
                            "origin": [
                                5,
                                30.5,
                                5
                            ],
                            "size": [
                                1,
                                1,
                                1
                            ],
                            "uv": [
                                30,
                                48
                            ]
                        },
                        {
                            "origin": [
                                5,
                                34.5,
                                5
                            ],
                            "size": [
                                1,
                                1,
                                1
                            ],
                            "uv": [
                                30,
                                48
                            ]
                        },
                        {
                            "origin": [
                                4,
                                35.5,
                                5
                            ],
                            "size": [
                                1,
                                1,
                                1
                            ],
                            "uv": [
                                30,
                                48
                            ]
                        },
                        {
                            "origin": [
                                3,
                                36.5,
                                5
                            ],
                            "size": [
                                1,
                                1,
                                1
                            ],
                            "uv": [
                                30,
                                48
                            ]
                        },
                        {
                            "origin": [
                                2,
                                34.5,
                                5
                            ],
                            "size": [
                                1,
                                2,
                                1
                            ],
                            "uv": [
                                30,
                                48
                            ]
                        },
                        {
                            "origin": [
                                1,
                                32.5,
                                5
                            ],
                            "size": [
                                1,
                                2,
                                1
                            ],
                            "uv": [
                                30,
                                48
                            ]
                        },
                        {
                            "origin": [
                                -1.0e-5,
                                29.5,
                                5
                            ],
                            "size": [
                                1.00001431,
                                3,
                                1
                            ],
                            "uv": [
                                30,
                                48
                            ]
                        },
                        {
                            "origin": [
                                1,
                                26.5,
                                5
                            ],
                            "size": [
                                1,
                                3,
                                1
                            ],
                            "uv": [
                                34,
                                48
                            ]
                        },
                        {
                            "origin": [
                                4,
                                28.5,
                                5
                            ],
                            "size": [
                                1,
                                1,
                                1
                            ],
                            "uv": [
                                34,
                                48
                            ]
                        },
                        {
                            "origin": [
                                2,
                                30.5,
                                5
                            ],
                            "size": [
                                1,
                                1,
                                1
                            ],
                            "uv": [
                                34,
                                48
                            ]
                        },
                        {
                            "origin": [
                                4,
                                31.5,
                                5
                            ],
                            "size": [
                                1,
                                2,
                                1
                            ],
                            "uv": [
                                34,
                                48
                            ]
                        }
                    ],
                    "mirror": true
                },
                {
                    "name": "leftArmArmor",
                    "parent": "leftArm",
                    "pivot": [
                        5.001448,
                        21.5,
                        0
                    ],
                    "cubes": []
                },
                {
                    "name": "helmet",
                    "parent": "head",
                    "pivot": [
                        0,
                        24,
                        0
                    ],
                    "cubes": [
                        {
                            "origin": [
                                -5,
                                26,
                                -1.00001
                            ],
                            "size": [
                                1,
                                3,
                                1.00002587
                            ],
                            "uv": [
                                56,
                                4
                            ]
                        },
                        {
                            "origin": [
                                4,
                                26,
                                -1.00001
                            ],
                            "size": [
                                1,
                                3,
                                1.000034
                            ],
                            "uv": [
                                56,
                                4
                            ]
                        },
                        {
                            "origin": [
                                -6,
                                27,
                                -1
                            ],
                            "size": [
                                1,
                                2,
                                1.00000763
                            ],
                            "uv": [
                                60,
                                2
                            ]
                        },
                        {
                            "origin": [
                                -7,
                                28,
                                -1
                            ],
                            "size": [
                                1,
                                1,
                                1
                            ],
                            "uv": [
                                60,
                                0
                            ]
                        },
                        {
                            "origin": [
                                5,
                                27,
                                -1
                            ],
                            "size": [
                                1,
                                2,
                                1.00000763
                            ],
                            "uv": [
                                60,
                                5
                            ]
                        },
                        {
                            "origin": [
                                6,
                                28,
                                -1
                            ],
                            "size": [
                                1,
                                1,
                                1
                            ],
                            "uv": [
                                32,
                                0
                            ]
                        },
                        {
                            "origin": [
                                -5.00033,
                                23,
                                4
                            ],
                            "size": [
                                3.00069,
                                6,
                                2
                            ],
                            "uv": [
                                24,
                                0
                            ]
                        },
                        {
                            "origin": [
                                -5,
                                20,
                                4
                            ],
                            "size": [
                                3.00006247,
                                3,
                                2
                            ],
                            "uv": [
                                54,
                                44
                            ]
                        },
                        {
                            "origin": [
                                -3,
                                32,
                                -2.0e-5
                            ],
                            "size": [
                                6.00007057,
                                1,
                                3.00004673
                            ],
                            "uv": [
                                45,
                                56
                            ]
                        },
                        {
                            "origin": [
                                -3.00011,
                                32,
                                -3.00002
                            ],
                            "size": [
                                6.00035572,
                                1,
                                3.00001812
                            ],
                            "uv": [
                                45,
                                60
                            ]
                        }
                    ],
                    "mirror": true
                },
                {
                    "name": "rightArmArmor",
                    "parent": "rightArm",
                    "pivot": [
                        -5,
                        21.5,
                        0
                    ],
                    "cubes": []
                }
            ]
        }
    ]
}