{
    "format_version": "1.12.0",
    "minecraft:geometry": [
        {
            "description": {
                "identifier": "geometry.Festive.santa",
                "texture_width": 64,
                "texture_height": 64
            },
            "bones": [
                {
                    "name": "root",
                    "pivot": [
                        0,
                        0,
                        0
                    ]
                },
                {
                    "name": "body",
                    "parent": "waist",
                    "pivot": [
                        0,
                        24,
                        0
                    ],
                    "cubes": [
                        {
                            "origin": [
                                -4,
                                12,
                                -2
                            ],
                            "size": [
                                8,
                                12,
                                4
                            ],
                            "uv": [
                                16,
                                16
                            ]
                        }
                    ]
                },
                {
                    "name": "waist",
                    "parent": "root",
                    "pivot": [
                        0,
                        12,
                        0
                    ]
                },
                {
                    "name": "head",
                    "parent": "body",
                    "pivot": [
                        0,
                        24,
                        0
                    ],
                    "cubes": [
                        {
                            "origin": [
                                -4,
                                24,
                                -4
                            ],
                            "size": [
                                8,
                                8,
                                8
                            ],
                            "uv": [
                                0,
                                0
                            ]
                        }
                    ]
                },
                {
                    "name": "cape",
                    "pivot": [
                        0,
                        24,
                        3
                    ],
                    "parent": "body"
                },
                {
                    "name": "hat",
                    "parent": "head",
                    "pivot": [
                        0,
                        24,
                        0
                    ],
                    "cubes": [
                        {
                            "origin": [
                                -4,
                                24,
                                -4
                            ],
                            "size": [
                                8,
                                8,
                                8
                            ],
                            "uv": [
                                32,
                                0
                            ],
                            "inflate": 0.5
                        }
                    ]
                },
                {
                    "name": "leftArm",
                    "parent": "body",
                    "pivot": [
                        5,
                        22,
                        0
                    ],
                    "cubes": [
                        {
                            "origin": [
                                4,
                                12,
                                -2
                            ],
                            "size": [
                                4,
                                12,
                                4
                            ],
                            "uv": [
                                40,
                                16
                            ]
                        }
                    ],
                    "mirror": true
                },
                {
                    "name": "leftSleeve",
                    "parent": "leftArm",
                    "pivot": [
                        5,
                        22,
                        0
                    ],
                    "cubes": [
                        {
                            "origin": [
                                4,
                                12,
                                -2
                            ],
                            "size": [
                                4,
                                12,
                                4
                            ],
                            "uv": [
                                40,
                                32
                            ],
                            "inflate": 0.25
                        }
                    ],
                    "mirror": true
                },
                {
                    "name": "leftItem",
                    "pivot": [
                        6,
                        15,
                        1
                    ],
                    "parent": "leftArm"
                },
                {
                    "name": "rightArm",
                    "parent": "body",
                    "pivot": [
                        -5,
                        22,
                        0
                    ],
                    "cubes": [
                        {
                            "origin": [
                                -8,
                                12,
                                -2
                            ],
                            "size": [
                                4,
                                12,
                                4
                            ],
                            "uv": [
                                40,
                                16
                            ]
                        }
                    ]
                },
                {
                    "name": "rightSleeve",
                    "parent": "rightArm",
                    "pivot": [
                        -5,
                        22,
                        0
                    ],
                    "cubes": [
                        {
                            "origin": [
                                -8,
                                12,
                                -2
                            ],
                            "size": [
                                4,
                                12,
                                4
                            ],
                            "uv": [
                                40,
                                32
                            ],
                            "inflate": 0.25
                        }
                    ]
                },
                {
                    "name": "rightItem",
                    "pivot": [
                        -6,
                        15,
                        1
                    ],
                    "locators": {
                        "lead_hold": [
                            -6,
                            15,
                            1
                        ]
                    },
                    "parent": "rightArm"
                },
                {
                    "name": "leftLeg",
                    "parent": "root",
                    "pivot": [
                        1.9,
                        12,
                        0
                    ],
                    "cubes": [
                        {
                            "origin": [
                                -0.09999985,
                                1.525879e-7,
                                -2
                            ],
                            "size": [
                                4,
                                12,
                                4
                            ],
                            "uv": [
                                0,
                                16
                            ]
                        }
                    ],
                    "mirror": true
                },
                {
                    "name": "rightLeg",
                    "parent": "root",
                    "pivot": [
                        -1.9,
                        12,
                        0
                    ],
                    "cubes": [
                        {
                            "origin": [
                                -3.9,
                                1.525879e-7,
                                -2
                            ],
                            "size": [
                                4,
                                12,
                                4
                            ],
                            "uv": [
                                0,
                                16
                            ]
                        }
                    ]
                },
                {
                    "name": "jacket",
                    "parent": "body",
                    "pivot": [
                        0,
                        24,
                        0
                    ],
                    "cubes": [
                        {
                            "origin": [
                                -4,
                                12,
                                -2
                            ],
                            "size": [
                                8,
                                12,
                                4
                            ],
                            "uv": [
                                16,
                                32
                            ],
                            "inflate": 0.25
                        }
                    ]
                },
                {
                    "name": "helmet",
                    "parent": "head",
                    "pivot": [
                        0,
                        24,
                        0
                    ],
                    "cubes": [
                        {
                            "origin": [
                                -5,
                                29,
                                -5
                            ],
                            "size": [
                                10,
                                4,
                                10
                            ],
                            "uv": [
                                24,
                                50
                            ]
                        },
                        {
                            "origin": [
                                -2.977268,
                                31,
                                -3.99659
                            ],
                            "size": [
                                9,
                                3,
                                8
                            ],
                            "uv": [
                                0,
                                49
                            ]
                        },
                        {
                            "origin": [
                                -0.9964308,
                                34,
                                -2
                            ],
                            "size": [
                                5,
                                1,
                                5
                            ],
                            "uv": [
                                0,
                                43
                            ]
                        },
                        {
                            "origin": [
                                5,
                                28,
                                -0.9999998
                            ],
                            "size": [
                                2,
                                5,
                                4
                            ],
                            "uv": [
                                0,
                                34
                            ]
                        },
                        {
                            "origin": [
                                6,
                                26,
                                2.11224e-7
                            ],
                            "size": [
                                0.9999994,
                                2,
                                2
                            ],
                            "uv": [
                                56,
                                24
                            ]
                        },
                        {
                            "origin": [
                                5,
                                25,
                                -0.9999998
                            ],
                            "size": [
                                2,
                                2,
                                2
                            ],
                            "uv": [
                                56,
                                28
                            ]
                        }
                    ]
                }
            ]
        }
    ]
}