{
    "format_version": "1.12.0",
    "minecraft:geometry": [
        {
            "description": {
                "identifier": "geometry.ChineseMythology.DragonDancerSuitChineseDragonHead",
                "texture_width": 64,
                "texture_height": 64
            },
            "bones": [
                {
                    "name": "root",
                    "pivot": [
                        0,
                        0,
                        0
                    ]
                },
                {
                    "name": "body",
                    "parent": "waist",
                    "pivot": [
                        0,
                        24,
                        0
                    ],
                    "cubes": [
                        {
                            "origin": [
                                -4,
                                12,
                                -2
                            ],
                            "size": [
                                8,
                                12,
                                4
                            ],
                            "uv": [
                                16,
                                16
                            ]
                        }
                    ]
                },
                {
                    "name": "waist",
                    "parent": "root",
                    "pivot": [
                        0,
                        12,
                        0
                    ],
                    "cubes": []
                },
                {
                    "name": "head",
                    "parent": "body",
                    "pivot": [
                        0,
                        24,
                        0
                    ],
                    "cubes": [
                        {
                            "origin": [
                                -4,
                                24,
                                -4
                            ],
                            "size": [
                                8,
                                8,
                                8
                            ],
                            "uv": [
                                0,
                                0
                            ]
                        }
                    ]
                },
                {
                    "name": "cape",
                    "pivot": [
                        0,
                        24,
                        3
                    ],
                    "parent": "body"
                },
                {
                    "name": "hat",
                    "parent": "head",
                    "pivot": [
                        0,
                        24,
                        0
                    ],
                    "cubes": []
                },
                {
                    "name": "leftArm",
                    "parent": "body",
                    "pivot": [
                        5,
                        22,
                        0
                    ],
                    "cubes": [
                        {
                            "origin": [
                                4,
                                12,
                                -2
                            ],
                            "size": [
                                3,
                                12,
                                4
                            ],
                            "uv": [
                                40,
                                16
                            ]
                        }
                    ],
                    "mirror": true
                },
                {
                    "name": "leftSleeve",
                    "parent": "leftArm",
                    "pivot": [
                        5,
                        22,
                        0
                    ],
                    "cubes": [
                        {
                            "origin": [
                                4,
                                12,
                                -2
                            ],
                            "size": [
                                3,
                                12,
                                4
                            ],
                            "uv": [
                                40,
                                32
                            ],
                            "inflate": 0.25
                        }
                    ],
                    "mirror": true
                },
                {
                    "name": "leftItem",
                    "pivot": [
                        6,
                        14.5,
                        1
                    ],
                    "parent": "leftArm",
                    "cubes": []
                },
                {
                    "name": "rightArm",
                    "parent": "body",
                    "pivot": [
                        -5,
                        22,
                        0
                    ],
                    "cubes": [
                        {
                            "origin": [
                                -7,
                                12,
                                -2
                            ],
                            "size": [
                                3,
                                12,
                                4
                            ],
                            "uv": [
                                40,
                                16
                            ]
                        }
                    ]
                },
                {
                    "name": "rightSleeve",
                    "parent": "rightArm",
                    "pivot": [
                        -5,
                        22,
                        0
                    ],
                    "cubes": [
                        {
                            "origin": [
                                -7,
                                12,
                                -2
                            ],
                            "size": [
                                3,
                                12,
                                4
                            ],
                            "uv": [
                                40,
                                32
                            ],
                            "inflate": 0.25
                        }
                    ]
                },
                {
                    "name": "rightItem",
                    "pivot": [
                        -6,
                        14.5,
                        1
                    ],
                    "locators": {
                        "lead_hold": [
                            -6,
                            15,
                            1
                        ]
                    },
                    "parent": "rightArm",
                    "cubes": []
                },
                {
                    "name": "leftLeg",
                    "parent": "root",
                    "pivot": [
                        1.9,
                        12,
                        0
                    ],
                    "cubes": [
                        {
                            "origin": [
                                -0.100000024,
                                0,
                                -2
                            ],
                            "size": [
                                4,
                                12,
                                4
                            ],
                            "uv": [
                                0,
                                16
                            ]
                        }
                    ],
                    "mirror": true
                },
                {
                    "name": "rightLeg",
                    "parent": "root",
                    "pivot": [
                        -1.9,
                        12,
                        0
                    ],
                    "cubes": [
                        {
                            "origin": [
                                -3.9,
                                0,
                                -2
                            ],
                            "size": [
                                4,
                                12,
                                4
                            ],
                            "uv": [
                                0,
                                16
                            ]
                        }
                    ]
                },
                {
                    "name": "jacket",
                    "parent": "body",
                    "pivot": [
                        0,
                        24,
                        0
                    ],
                    "cubes": [
                        {
                            "origin": [
                                -4,
                                12,
                                -2
                            ],
                            "size": [
                                8,
                                12,
                                4
                            ],
                            "uv": [
                                16,
                                32
                            ],
                            "inflate": 0.25
                        }
                    ]
                },
                {
                    "name": "leftPants",
                    "parent": "leftLeg",
                    "pivot": [
                        1.9,
                        12,
                        0
                    ],
                    "cubes": [
                        {
                            "origin": [
                                -0.100000024,
                                0,
                                -2
                            ],
                            "size": [
                                4,
                                12,
                                4
                            ],
                            "uv": [
                                0,
                                32
                            ],
                            "inflate": 0.25
                        }
                    ],
                    "mirror": true
                },
                {
                    "name": "rightPants",
                    "parent": "rightLeg",
                    "pivot": [
                        -1.9,
                        12,
                        0
                    ],
                    "cubes": [
                        {
                            "origin": [
                                -3.9,
                                0,
                                -2
                            ],
                            "size": [
                                4,
                                12,
                                4
                            ],
                            "uv": [
                                0,
                                32
                            ],
                            "inflate": 0.25
                        }
                    ]
                },
                {
                    "name": "helmet",
                    "parent": "head",
                    "pivot": [
                        0,
                        24,
                        0
                    ],
                    "cubes": [
                        {
                            "origin": [
                                -2,
                                33,
                                -3
                            ],
                            "size": [
                                4,
                                1,
                                5
                            ],
                            "uv": [
                                24,
                                0
                            ]
                        },
                        {
                            "origin": [
                                -6,
                                24,
                                -6
                            ],
                            "size": [
                                2,
                                1,
                                5
                            ],
                            "uv": [
                                30,
                                58
                            ]
                        },
                        {
                            "origin": [
                                -4,
                                24,
                                -8
                            ],
                            "size": [
                                2,
                                1,
                                4
                            ],
                            "uv": [
                                39,
                                58
                            ]
                        },
                        {
                            "origin": [
                                -5,
                                28,
                                -9
                            ],
                            "size": [
                                2,
                                1,
                                5
                            ],
                            "uv": [
                                50,
                                52
                            ]
                        },
                        {
                            "origin": [
                                -4,
                                23,
                                -7
                            ],
                            "size": [
                                2,
                                1,
                                1
                            ],
                            "uv": [
                                25,
                                48
                            ]
                        },
                        {
                            "origin": [
                                -4,
                                23,
                                -6
                            ],
                            "size": [
                                1,
                                1,
                                1
                            ],
                            "uv": [
                                60,
                                49
                            ]
                        },
                        {
                            "origin": [
                                -6,
                                27,
                                -7
                            ],
                            "size": [
                                1,
                                1,
                                3
                            ],
                            "uv": [
                                28,
                                49
                            ]
                        },
                        {
                            "origin": [
                                -5,
                                29,
                                -10
                            ],
                            "size": [
                                2,
                                1,
                                1
                            ],
                            "uv": [
                                54,
                                36
                            ]
                        },
                        {
                            "origin": [
                                -6,
                                28,
                                -8
                            ],
                            "size": [
                                1,
                                1,
                                1
                            ],
                            "uv": [
                                60,
                                55
                            ]
                        },
                        {
                            "origin": [
                                -7,
                                28,
                                -7
                            ],
                            "size": [
                                1,
                                1,
                                3
                            ],
                            "uv": [
                                26,
                                54
                            ]
                        },
                        {
                            "origin": [
                                -4,
                                32,
                                0
                            ],
                            "size": [
                                2,
                                1,
                                4
                            ],
                            "uv": [
                                36,
                                10
                            ]
                        },
                        {
                            "origin": [
                                4,
                                24,
                                -6
                            ],
                            "size": [
                                2,
                                1,
                                5
                            ],
                            "uv": [
                                0,
                                58
                            ]
                        },
                        {
                            "origin": [
                                2,
                                24,
                                -8
                            ],
                            "size": [
                                2,
                                1,
                                4
                            ],
                            "uv": [
                                23,
                                58
                            ]
                        },
                        {
                            "origin": [
                                3,
                                28,
                                -9
                            ],
                            "size": [
                                2,
                                1,
                                5
                            ],
                            "uv": [
                                14,
                                58
                            ]
                        },
                        {
                            "origin": [
                                2,
                                23,
                                -7
                            ],
                            "size": [
                                2,
                                1,
                                1
                            ],
                            "uv": [
                                25,
                                50
                            ]
                        },
                        {
                            "origin": [
                                3,
                                23,
                                -6
                            ],
                            "size": [
                                1,
                                1,
                                1
                            ],
                            "uv": [
                                60,
                                51
                            ]
                        },
                        {
                            "origin": [
                                5,
                                27,
                                -7
                            ],
                            "size": [
                                1,
                                1,
                                3
                            ],
                            "uv": [
                                31,
                                53
                            ]
                        },
                        {
                            "origin": [
                                3,
                                29,
                                -10
                            ],
                            "size": [
                                2,
                                1,
                                1
                            ],
                            "uv": [
                                54,
                                38
                            ]
                        },
                        {
                            "origin": [
                                5,
                                28,
                                -8
                            ],
                            "size": [
                                1,
                                1,
                                1
                            ],
                            "uv": [
                                60,
                                38
                            ]
                        },
                        {
                            "origin": [
                                6,
                                28,
                                -7
                            ],
                            "size": [
                                1,
                                1,
                                3
                            ],
                            "uv": [
                                33,
                                48
                            ]
                        },
                        {
                            "origin": [
                                2,
                                32,
                                0
                            ],
                            "size": [
                                2,
                                1,
                                4
                            ],
                            "uv": [
                                38,
                                5
                            ]
                        },
                        {
                            "origin": [
                                -2,
                                24,
                                -9
                            ],
                            "size": [
                                4,
                                1,
                                5
                            ],
                            "uv": [
                                46,
                                58
                            ]
                        },
                        {
                            "origin": [
                                -1,
                                30,
                                -7
                            ],
                            "size": [
                                2,
                                1,
                                3
                            ],
                            "uv": [
                                9,
                                59
                            ]
                        },
                        {
                            "origin": [
                                -2,
                                23,
                                -8
                            ],
                            "size": [
                                4,
                                1,
                                1
                            ],
                            "uv": [
                                24,
                                6
                            ]
                        },
                        {
                            "origin": [
                                -4,
                                24,
                                4
                            ],
                            "size": [
                                8,
                                8,
                                1
                            ],
                            "uv": [
                                46,
                                0
                            ]
                        },
                        {
                            "origin": [
                                -3,
                                30,
                                -10
                            ],
                            "size": [
                                6,
                                1,
                                1
                            ],
                            "uv": [
                                50,
                                34
                            ]
                        },
                        {
                            "origin": [
                                -2,
                                32,
                                2
                            ],
                            "size": [
                                4,
                                1,
                                2
                            ],
                            "uv": [
                                52,
                                31
                            ]
                        },
                        {
                            "origin": [
                                -2,
                                32,
                                -4
                            ],
                            "size": [
                                4,
                                1,
                                1
                            ],
                            "uv": [
                                50,
                                9
                            ]
                        },
                        {
                            "origin": [
                                -3,
                                32,
                                -5
                            ],
                            "size": [
                                1,
                                1,
                                1
                            ],
                            "uv": [
                                60,
                                40
                            ]
                        },
                        {
                            "origin": [
                                -2,
                                30,
                                -5
                            ],
                            "size": [
                                1,
                                2,
                                1
                            ],
                            "uv": [
                                37,
                                0
                            ]
                        },
                        {
                            "origin": [
                                -5,
                                29,
                                -5
                            ],
                            "size": [
                                3,
                                1,
                                1
                            ],
                            "uv": [
                                50,
                                18
                            ]
                        },
                        {
                            "origin": [
                                -6,
                                33,
                                -4
                            ],
                            "size": [
                                1,
                                1,
                                4
                            ],
                            "uv": [
                                9,
                                54
                            ]
                        },
                        {
                            "origin": [
                                -5,
                                33,
                                -5
                            ],
                            "size": [
                                2,
                                1,
                                1
                            ],
                            "uv": [
                                54,
                                40
                            ]
                        },
                        {
                            "origin": [
                                -5,
                                32,
                                -4
                            ],
                            "size": [
                                3,
                                1,
                                4
                            ],
                            "uv": [
                                44,
                                11
                            ]
                        },
                        {
                            "origin": [
                                2,
                                32,
                                -5
                            ],
                            "size": [
                                1,
                                1,
                                1
                            ],
                            "uv": [
                                60,
                                42
                            ]
                        },
                        {
                            "origin": [
                                1,
                                30,
                                -5
                            ],
                            "size": [
                                1,
                                2,
                                1
                            ],
                            "uv": [
                                44,
                                11
                            ]
                        },
                        {
                            "origin": [
                                2,
                                29,
                                -5
                            ],
                            "size": [
                                3,
                                1,
                                1
                            ],
                            "uv": [
                                50,
                                16
                            ]
                        },
                        {
                            "origin": [
                                5,
                                33,
                                -4
                            ],
                            "size": [
                                1,
                                1,
                                4
                            ],
                            "uv": [
                                37,
                                48
                            ]
                        },
                        {
                            "origin": [
                                3,
                                33,
                                -5
                            ],
                            "size": [
                                2,
                                1,
                                1
                            ],
                            "uv": [
                                54,
                                42
                            ]
                        },
                        {
                            "origin": [
                                2,
                                32,
                                -4
                            ],
                            "size": [
                                3,
                                1,
                                4
                            ],
                            "uv": [
                                50,
                                44
                            ]
                        },
                        {
                            "origin": [
                                -3,
                                29,
                                -9
                            ],
                            "size": [
                                2,
                                1,
                                4
                            ],
                            "uv": [
                                35,
                                53
                            ]
                        },
                        {
                            "origin": [
                                5,
                                29,
                                -9
                            ],
                            "size": [
                                1,
                                1,
                                1
                            ],
                            "uv": [
                                60,
                                36
                            ]
                        },
                        {
                            "origin": [
                                -6,
                                29,
                                -9
                            ],
                            "size": [
                                1,
                                1,
                                1
                            ],
                            "uv": [
                                60,
                                53
                            ]
                        },
                        {
                            "origin": [
                                -2,
                                30,
                                -9
                            ],
                            "size": [
                                1,
                                2,
                                1
                            ],
                            "uv": [
                                38,
                                6
                            ]
                        },
                        {
                            "origin": [
                                -1,
                                29,
                                -9
                            ],
                            "size": [
                                2,
                                3,
                                2
                            ],
                            "uv": [
                                36,
                                15
                            ]
                        },
                        {
                            "origin": [
                                1,
                                30,
                                -9
                            ],
                            "size": [
                                1,
                                2,
                                1
                            ],
                            "uv": [
                                54,
                                12
                            ]
                        },
                        {
                            "origin": [
                                1,
                                29,
                                -9
                            ],
                            "size": [
                                2,
                                1,
                                4
                            ],
                            "uv": [
                                43,
                                52
                            ]
                        },
                        {
                            "origin": [
                                4,
                                24,
                                2
                            ],
                            "size": [
                                1,
                                8,
                                2
                            ],
                            "uv": [
                                58,
                                9
                            ]
                        },
                        {
                            "origin": [
                                4,
                                24,
                                -1
                            ],
                            "size": [
                                2,
                                8,
                                3
                            ],
                            "uv": [
                                54,
                                20
                            ]
                        },
                        {
                            "origin": [
                                5,
                                30,
                                -2
                            ],
                            "size": [
                                1,
                                1,
                                1
                            ],
                            "uv": [
                                60,
                                44
                            ]
                        },
                        {
                            "origin": [
                                5,
                                32,
                                0
                            ],
                            "size": [
                                1,
                                1,
                                1
                            ],
                            "uv": [
                                60,
                                46
                            ]
                        },
                        {
                            "origin": [
                                5,
                                26,
                                -4
                            ],
                            "size": [
                                1,
                                4,
                                3
                            ],
                            "uv": [
                                32,
                                7
                            ]
                        },
                        {
                            "origin": [
                                6,
                                28,
                                -1
                            ],
                            "size": [
                                1,
                                1,
                                2
                            ],
                            "uv": [
                                51,
                                49
                            ]
                        },
                        {
                            "origin": [
                                6,
                                27,
                                -4
                            ],
                            "size": [
                                1,
                                1,
                                3
                            ],
                            "uv": [
                                43,
                                48
                            ]
                        },
                        {
                            "origin": [
                                4,
                                30,
                                -4
                            ],
                            "size": [
                                1,
                                2,
                                3
                            ],
                            "uv": [
                                38,
                                0
                            ]
                        },
                        {
                            "origin": [
                                -5,
                                24,
                                2
                            ],
                            "size": [
                                1,
                                8,
                                2
                            ],
                            "uv": [
                                58,
                                9
                            ]
                        },
                        {
                            "origin": [
                                -6,
                                24,
                                -1
                            ],
                            "size": [
                                2,
                                8,
                                3
                            ],
                            "uv": [
                                54,
                                20
                            ]
                        },
                        {
                            "origin": [
                                -6,
                                30,
                                -2
                            ],
                            "size": [
                                1,
                                1,
                                1
                            ],
                            "uv": [
                                60,
                                44
                            ]
                        },
                        {
                            "origin": [
                                -6,
                                32,
                                0
                            ],
                            "size": [
                                1,
                                1,
                                1
                            ],
                            "uv": [
                                60,
                                46
                            ]
                        },
                        {
                            "origin": [
                                -6,
                                26,
                                -4
                            ],
                            "size": [
                                1,
                                4,
                                3
                            ],
                            "uv": [
                                32,
                                7
                            ]
                        },
                        {
                            "origin": [
                                -7,
                                28,
                                -1
                            ],
                            "size": [
                                1,
                                1,
                                2
                            ],
                            "uv": [
                                51,
                                49
                            ]
                        },
                        {
                            "origin": [
                                -7,
                                27,
                                -4
                            ],
                            "size": [
                                1,
                                1,
                                3
                            ],
                            "uv": [
                                43,
                                48
                            ]
                        },
                        {
                            "origin": [
                                -5,
                                30,
                                -4
                            ],
                            "size": [
                                1,
                                2,
                                3
                            ],
                            "uv": [
                                38,
                                0
                            ]
                        }
                    ]
                },
                {
                    "name": "leftArmArmor",
                    "parent": "leftArm",
                    "pivot": [
                        5,
                        22,
                        0
                    ],
                    "cubes": [
                        {
                            "origin": [
                                9,
                                24,
                                -1
                            ],
                            "size": [
                                1,
                                2,
                                2
                            ],
                            "uv": [
                                57,
                                17
                            ]
                        },
                        {
                            "origin": [
                                7,
                                23,
                                -1
                            ],
                            "size": [
                                2,
                                2,
                                2
                            ],
                            "uv": [
                                56,
                                21
                            ]
                        }
                    ],
                    "mirror": true
                }
            ]
        }
    ]
}