{
    "format_version": "1.12.0",
    "minecraft:geometry": [
        {
            "description": {
                "identifier": "geometry.JourneyToTheWest.zhu_bajie",
                "texture_width": 64,
                "texture_height": 64
            },
            "bones": [
                {
                    "name": "root",
                    "pivot": [
                        0,
                        0,
                        0
                    ]
                },
                {
                    "name": "body",
                    "parent": "waist",
                    "pivot": [
                        0,
                        24,
                        0
                    ],
                    "cubes": [
                        {
                            "origin": [
                                -4,
                                12,
                                -2
                            ],
                            "size": [
                                8,
                                12,
                                4
                            ],
                            "uv": [
                                16,
                                16
                            ]
                        }
                    ]
                },
                {
                    "name": "waist",
                    "parent": "root",
                    "pivot": [
                        0,
                        12,
                        0
                    ]
                },
                {
                    "name": "head",
                    "parent": "body",
                    "pivot": [
                        0,
                        24,
                        0
                    ],
                    "cubes": [
                        {
                            "origin": [
                                -4,
                                24,
                                -4
                            ],
                            "size": [
                                8,
                                8,
                                8
                            ],
                            "uv": [
                                0,
                                0
                            ]
                        }
                    ]
                },
                {
                    "name": "cape",
                    "pivot": [
                        0,
                        24,
                        3
                    ],
                    "parent": "body"
                },
                {
                    "name": "hat",
                    "parent": "head",
                    "pivot": [
                        0,
                        24,
                        0
                    ],
                    "cubes": [
                        {
                            "origin": [
                                -4,
                                24,
                                -4
                            ],
                            "size": [
                                8,
                                8,
                                8
                            ],
                            "uv": [
                                32,
                                0
                            ],
                            "inflate": 0.5
                        }
                    ]
                },
                {
                    "name": "leftArm",
                    "parent": "body",
                    "pivot": [
                        5.001448,
                        22,
                        0
                    ],
                    "cubes": [
                        {
                            "origin": [
                                4,
                                12,
                                -2
                            ],
                            "size": [
                                4,
                                12,
                                4
                            ],
                            "uv": [
                                40,
                                16
                            ]
                        }
                    ],
                    "mirror": true
                },
                {
                    "name": "leftSleeve",
                    "parent": "leftArm",
                    "pivot": [
                        5.001448,
                        22,
                        0
                    ],
                    "cubes": [
                        {
                            "origin": [
                                4,
                                12,
                                -2
                            ],
                            "size": [
                                4,
                                12,
                                4
                            ],
                            "uv": [
                                40,
                                32
                            ],
                            "inflate": 0.25
                        }
                    ],
                    "mirror": true
                },
                {
                    "name": "leftItem",
                    "pivot": [
                        6,
                        15,
                        1
                    ],
                    "parent": "leftArm"
                },
                {
                    "name": "rightArm",
                    "parent": "body",
                    "pivot": [
                        -5,
                        22,
                        0
                    ],
                    "cubes": [
                        {
                            "origin": [
                                -8,
                                12,
                                -2
                            ],
                            "size": [
                                4,
                                12,
                                4
                            ],
                            "uv": [
                                40,
                                16
                            ]
                        }
                    ]
                },
                {
                    "name": "rightSleeve",
                    "parent": "rightArm",
                    "pivot": [
                        -5,
                        22,
                        0
                    ],
                    "cubes": [
                        {
                            "origin": [
                                -8,
                                12,
                                -2
                            ],
                            "size": [
                                4,
                                12,
                                4
                            ],
                            "uv": [
                                40,
                                32
                            ],
                            "inflate": 0.25
                        }
                    ]
                },
                {
                    "name": "rightItem",
                    "pivot": [
                        -6,
                        15,
                        1
                    ],
                    "locators": {
                        "lead_hold": [
                            -6,
                            15,
                            1
                        ]
                    },
                    "parent": "rightArm"
                },
                {
                    "name": "leftLeg",
                    "parent": "root",
                    "pivot": [
                        1.9,
                        12,
                        0
                    ],
                    "cubes": [
                        {
                            "origin": [
                                0,
                                0,
                                -2
                            ],
                            "size": [
                                4,
                                12,
                                4
                            ],
                            "uv": [
                                0,
                                16
                            ]
                        }
                    ],
                    "mirror": true
                },
                {
                    "name": "rightLeg",
                    "parent": "root",
                    "pivot": [
                        -1.900551,
                        12,
                        0
                    ],
                    "cubes": [
                        {
                            "origin": [
                                -4,
                                0,
                                -2
                            ],
                            "size": [
                                4,
                                12,
                                4
                            ],
                            "uv": [
                                0,
                                16
                            ]
                        }
                    ]
                },
                {
                    "name": "jacket",
                    "parent": "body",
                    "pivot": [
                        0,
                        24,
                        0
                    ],
                    "cubes": [
                        {
                            "origin": [
                                -4,
                                12,
                                -2
                            ],
                            "size": [
                                8,
                                12,
                                4
                            ],
                            "uv": [
                                16,
                                32
                            ],
                            "inflate": 0.25
                        }
                    ]
                },
                {
                    "name": "helmet",
                    "parent": "head",
                    "pivot": [
                        -1.98952e-15,
                        24,
                        0
                    ],
                    "cubes": [
                        {
                            "origin": [
                                -2,
                                25,
                                -6
                            ],
                            "size": [
                                4,
                                3,
                                1
                            ],
                            "uv": [
                                21,
                                58
                            ]
                        },
                        {
                            "origin": [
                                2,
                                25,
                                -5
                            ],
                            "size": [
                                1,
                                3,
                                1
                            ],
                            "uv": [
                                12,
                                54
                            ]
                        },
                        {
                            "origin": [
                                -2,
                                28,
                                -5
                            ],
                            "size": [
                                4,
                                1,
                                1
                            ],
                            "uv": [
                                22,
                                48
                            ]
                        },
                        {
                            "origin": [
                                3,
                                31,
                                1
                            ],
                            "size": [
                                3,
                                2,
                                1
                            ],
                            "uv": [
                                56,
                                5
                            ]
                        },
                        {
                            "origin": [
                                6,
                                31,
                                0
                            ],
                            "size": [
                                1,
                                2,
                                1
                            ],
                            "uv": [
                                55,
                                1
                            ]
                        },
                        {
                            "origin": [
                                8,
                                31,
                                -1
                            ],
                            "size": [
                                1,
                                1,
                                1
                            ],
                            "uv": [
                                59,
                                2
                            ]
                        },
                        {
                            "origin": [
                                2,
                                32,
                                -1
                            ],
                            "size": [
                                1,
                                1,
                                2
                            ],
                            "uv": [
                                44,
                                6
                            ]
                        },
                        {
                            "origin": [
                                3,
                                33,
                                -1
                            ],
                            "size": [
                                4,
                                1,
                                1
                            ],
                            "uv": [
                                42,
                                0
                            ]
                        },
                        {
                            "origin": [
                                3,
                                30,
                                0
                            ],
                            "size": [
                                3,
                                4,
                                1
                            ],
                            "uv": [
                                48,
                                3
                            ]
                        },
                        {
                            "origin": [
                                -3,
                                32,
                                -1
                            ],
                            "size": [
                                1,
                                1,
                                2
                            ],
                            "uv": [
                                38,
                                6
                            ]
                        },
                        {
                            "origin": [
                                -7,
                                33,
                                -1
                            ],
                            "size": [
                                4,
                                1,
                                1
                            ],
                            "uv": [
                                32,
                                0
                            ]
                        },
                        {
                            "origin": [
                                -8,
                                32,
                                -1
                            ],
                            "size": [
                                1,
                                1,
                                1
                            ],
                            "uv": [
                                25,
                                0
                            ]
                        },
                        {
                            "origin": [
                                -7,
                                31,
                                0
                            ],
                            "size": [
                                1,
                                2,
                                1
                            ],
                            "uv": [
                                29,
                                1
                            ]
                        },
                        {
                            "origin": [
                                -6,
                                31,
                                1
                            ],
                            "size": [
                                3,
                                2,
                                1
                            ],
                            "uv": [
                                24,
                                5
                            ]
                        },
                        {
                            "origin": [
                                -6,
                                30,
                                0
                            ],
                            "size": [
                                3,
                                4,
                                1
                            ],
                            "uv": [
                                32,
                                3
                            ]
                        },
                        {
                            "origin": [
                                -2,
                                23,
                                -4
                            ],
                            "size": [
                                4,
                                1,
                                2
                            ],
                            "uv": [
                                20,
                                52
                            ]
                        },
                        {
                            "origin": [
                                -3,
                                25,
                                -5
                            ],
                            "size": [
                                1,
                                3,
                                1
                            ],
                            "uv": [
                                12,
                                58
                            ]
                        },
                        {
                            "origin": [
                                -2,
                                25,
                                -5
                            ],
                            "size": [
                                4,
                                1,
                                1
                            ],
                            "uv": [
                                22,
                                50
                            ]
                        },
                        {
                            "origin": [
                                7,
                                32,
                                -1
                            ],
                            "size": [
                                1,
                                1,
                                1
                            ],
                            "uv": [
                                59,
                                0
                            ]
                        },
                        {
                            "origin": [
                                -9,
                                31,
                                -1
                            ],
                            "size": [
                                1,
                                1,
                                1
                            ],
                            "uv": [
                                25,
                                2
                            ]
                        }
                    ]
                },
                {
                    "name": "bodyArmor",
                    "parent": "body",
                    "pivot": [
                        -5.684342e-16,
                        24,
                        0
                    ],
                    "cubes": [
                        {
                            "origin": [
                                -4,
                                16,
                                2
                            ],
                            "size": [
                                8,
                                7,
                                4
                            ],
                            "uv": [
                                40,
                                53
                            ]
                        },
                        {
                            "origin": [
                                2,
                                30.75,
                                6
                            ],
                            "size": [
                                1,
                                1,
                                1
                            ],
                            "uv": [
                                0,
                                57
                            ]
                        },
                        {
                            "origin": [
                                3,
                                29.75,
                                6
                            ],
                            "size": [
                                1,
                                1,
                                1
                            ],
                            "uv": [
                                0,
                                55
                            ]
                        },
                        {
                            "origin": [
                                0,
                                31.75,
                                6
                            ],
                            "size": [
                                9,
                                1,
                                1
                            ],
                            "uv": [
                                0,
                                52
                            ]
                        },
                        {
                            "origin": [
                                6,
                                30.75,
                                6
                            ],
                            "size": [
                                1,
                                1,
                                1
                            ],
                            "uv": [
                                0,
                                57
                            ]
                        },
                        {
                            "origin": [
                                0,
                                32.75,
                                6
                            ],
                            "size": [
                                9,
                                2,
                                2
                            ],
                            "uv": [
                                0,
                                48
                            ]
                        },
                        {
                            "origin": [
                                5,
                                29.75,
                                6
                            ],
                            "size": [
                                1,
                                1,
                                1
                            ],
                            "uv": [
                                0,
                                55
                            ]
                        },
                        {
                            "origin": [
                                4,
                                21.75,
                                6
                            ],
                            "size": [
                                1,
                                9,
                                1
                            ],
                            "uv": [
                                60,
                                38
                            ]
                        },
                        {
                            "origin": [
                                4,
                                8.75,
                                5
                            ],
                            "size": [
                                1,
                                1,
                                1
                            ],
                            "uv": [
                                0,
                                61
                            ]
                        },
                        {
                            "origin": [
                                4,
                                8.75,
                                8
                            ],
                            "size": [
                                1,
                                2,
                                1
                            ],
                            "uv": [
                                4,
                                54
                            ]
                        },
                        {
                            "origin": [
                                4,
                                7.75,
                                6
                            ],
                            "size": [
                                1,
                                1,
                                2
                            ],
                            "uv": [
                                3,
                                57
                            ]
                        },
                        {
                            "origin": [
                                4,
                                10.75,
                                7
                            ],
                            "size": [
                                1,
                                1,
                                1
                            ],
                            "uv": [
                                4,
                                61
                            ]
                        },
                        {
                            "origin": [
                                4,
                                11.75,
                                6
                            ],
                            "size": [
                                1,
                                10,
                                1
                            ],
                            "uv": [
                                56,
                                37
                            ]
                        },
                        {
                            "origin": [
                                -3,
                                15,
                                2
                            ],
                            "size": [
                                6,
                                1,
                                3
                            ],
                            "uv": [
                                46,
                                49
                            ]
                        },
                        {
                            "origin": [
                                2,
                                14,
                                2
                            ],
                            "size": [
                                1,
                                1,
                                3
                            ],
                            "uv": [
                                0,
                                4
                            ]
                        },
                        {
                            "origin": [
                                2,
                                13,
                                2
                            ],
                            "size": [
                                1,
                                1,
                                1
                            ],
                            "uv": [
                                0,
                                0
                            ]
                        },
                        {
                            "origin": [
                                -3,
                                14,
                                2
                            ],
                            "size": [
                                1,
                                1,
                                3
                            ],
                            "uv": [
                                0,
                                4
                            ]
                        },
                        {
                            "origin": [
                                -3,
                                13,
                                2
                            ],
                            "size": [
                                1,
                                1,
                                1
                            ],
                            "uv": [
                                0,
                                0
                            ]
                        }
                    ]
                },
                {
                    "name": "rightPants",
                    "parent": "rightLeg",
                    "pivot": [
                        -1.900551,
                        12,
                        0
                    ],
                    "cubes": [
                        {
                            "origin": [
                                -4,
                                0,
                                -2
                            ],
                            "size": [
                                4,
                                12,
                                4
                            ],
                            "uv": [
                                0,
                                32
                            ],
                            "inflate": 0.25
                        }
                    ]
                },
                {
                    "name": "leftPants",
                    "parent": "leftLeg",
                    "pivot": [
                        1.9,
                        12,
                        0
                    ],
                    "cubes": [
                        {
                            "origin": [
                                0,
                                0,
                                -2
                            ],
                            "size": [
                                4,
                                12,
                                4
                            ],
                            "uv": [
                                0,
                                32
                            ],
                            "inflate": 0.25
                        }
                    ],
                    "mirror": true
                }
            ]
        }
    ]
}