{
    "format_version": "1.12.0",
    "minecraft:geometry": [
        {
            "description": {
                "identifier": "geometry.MagicTheGathering.Tamiyo",
                "texture_width": 64,
                "texture_height": 64
            },
            "bones": [
                {
                    "name": "root",
                    "pivot": [
                        0,
                        0,
                        0
                    ]
                },
                {
                    "name": "body",
                    "parent": "waist",
                    "pivot": [
                        0,
                        24,
                        0
                    ],
                    "cubes": [
                        {
                            "origin": [
                                -4,
                                12,
                                -2
                            ],
                            "size": [
                                8,
                                12,
                                4
                            ],
                            "uv": [
                                16,
                                16
                            ]
                        }
                    ]
                },
                {
                    "name": "waist",
                    "parent": "root",
                    "pivot": [
                        0,
                        12,
                        0
                    ],
                    "cubes": []
                },
                {
                    "name": "head",
                    "parent": "body",
                    "pivot": [
                        0,
                        24,
                        0
                    ],
                    "cubes": [
                        {
                            "origin": [
                                -4,
                                24,
                                -4
                            ],
                            "size": [
                                8,
                                8,
                                8
                            ],
                            "uv": [
                                0,
                                0
                            ]
                        }
                    ]
                },
                {
                    "name": "cape",
                    "pivot": [
                        0,
                        24,
                        3
                    ],
                    "parent": "body"
                },
                {
                    "name": "hat",
                    "parent": "head",
                    "pivot": [
                        0,
                        24,
                        0
                    ],
                    "cubes": []
                },
                {
                    "name": "leftArm",
                    "parent": "body",
                    "pivot": [
                        5,
                        21.5,
                        0
                    ],
                    "cubes": [
                        {
                            "origin": [
                                4,
                                11.5,
                                -2
                            ],
                            "size": [
                                3,
                                12,
                                4
                            ],
                            "uv": [
                                32,
                                48
                            ]
                        }
                    ],
                    "mirror": true
                },
                {
                    "name": "leftSleeve",
                    "parent": "leftArm",
                    "pivot": [
                        5,
                        21.5,
                        0
                    ],
                    "cubes": [
                        {
                            "origin": [
                                4,
                                11.5,
                                -2
                            ],
                            "size": [
                                3,
                                12,
                                4
                            ],
                            "uv": [
                                48,
                                48
                            ],
                            "inflate": 0.25
                        }
                    ],
                    "mirror": true
                },
                {
                    "name": "leftItem",
                    "pivot": [
                        6,
                        14.5,
                        1
                    ],
                    "parent": "leftArm",
                    "cubes": []
                },
                {
                    "name": "rightArm",
                    "parent": "body",
                    "pivot": [
                        -5,
                        21.5,
                        0
                    ],
                    "cubes": [
                        {
                            "origin": [
                                -7,
                                11.5,
                                -2
                            ],
                            "size": [
                                3,
                                12,
                                4
                            ],
                            "uv": [
                                40,
                                16
                            ]
                        }
                    ]
                },
                {
                    "name": "rightSleeve",
                    "parent": "rightArm",
                    "pivot": [
                        -5,
                        21.5,
                        0
                    ],
                    "cubes": [
                        {
                            "origin": [
                                -7,
                                11.5,
                                -2
                            ],
                            "size": [
                                3,
                                12,
                                4
                            ],
                            "uv": [
                                40,
                                32
                            ],
                            "inflate": 0.25
                        }
                    ]
                },
                {
                    "name": "rightItem",
                    "pivot": [
                        -6,
                        14.5,
                        1
                    ],
                    "locators": {
                        "lead_hold": [
                            -6,
                            15,
                            1
                        ]
                    },
                    "parent": "rightArm",
                    "cubes": []
                },
                {
                    "name": "leftLeg",
                    "parent": "root",
                    "pivot": [
                        1.9,
                        12,
                        0
                    ],
                    "cubes": [
                        {
                            "origin": [
                                -0.1,
                                0,
                                -2
                            ],
                            "size": [
                                4,
                                12,
                                4
                            ],
                            "uv": [
                                16,
                                48
                            ]
                        }
                    ],
                    "mirror": true
                },
                {
                    "name": "rightLeg",
                    "parent": "root",
                    "pivot": [
                        -1.9,
                        12,
                        0
                    ],
                    "cubes": [
                        {
                            "origin": [
                                -3.9,
                                0,
                                -2
                            ],
                            "size": [
                                4,
                                12,
                                4
                            ],
                            "uv": [
                                0,
                                16
                            ]
                        }
                    ]
                },
                {
                    "name": "jacket",
                    "parent": "body",
                    "pivot": [
                        0,
                        24,
                        0
                    ],
                    "cubes": [
                        {
                            "origin": [
                                -4,
                                12,
                                -2
                            ],
                            "size": [
                                8,
                                12,
                                4
                            ],
                            "uv": [
                                16,
                                32
                            ],
                            "inflate": 0.25
                        }
                    ]
                },
                {
                    "name": "leftPants",
                    "parent": "leftLeg",
                    "pivot": [
                        1.9,
                        12,
                        0
                    ],
                    "cubes": [
                        {
                            "origin": [
                                -0.1,
                                0,
                                -2
                            ],
                            "size": [
                                4,
                                12,
                                4
                            ],
                            "uv": [
                                0,
                                48
                            ],
                            "inflate": 0.25
                        }
                    ],
                    "mirror": true
                },
                {
                    "name": "rightPants",
                    "parent": "rightLeg",
                    "pivot": [
                        -1.9,
                        12,
                        0
                    ],
                    "cubes": [
                        {
                            "origin": [
                                -4,
                                0,
                                -2
                            ],
                            "size": [
                                4,
                                12,
                                4
                            ],
                            "uv": [
                                0,
                                32
                            ],
                            "inflate": 0.25
                        }
                    ]
                },
                {
                    "name": "helmet",
                    "parent": "head",
                    "pivot": [
                        0,
                        24,
                        0
                    ],
                    "cubes": [
                        {
                            "origin": [
                                5,
                                34,
                                -1.50005
                            ],
                            "size": [
                                4,
                                1,
                                2.00009918
                            ],
                            "uv": [
                                52,
                                3
                            ]
                        },
                        {
                            "origin": [
                                7,
                                35,
                                -1.5
                            ],
                            "size": [
                                2,
                                1,
                                2.0000062
                            ],
                            "uv": [
                                32,
                                13
                            ]
                        },
                        {
                            "origin": [
                                4,
                                33,
                                -2.00004
                            ],
                            "size": [
                                4,
                                1,
                                3.000082
                            ],
                            "uv": [
                                50,
                                6
                            ]
                        },
                        {
                            "origin": [
                                6,
                                35,
                                -1.5
                            ],
                            "size": [
                                1,
                                1,
                                2.00000286
                            ],
                            "uv": [
                                56,
                                3
                            ]
                        },
                        {
                            "origin": [
                                8,
                                33,
                                -1.5
                            ],
                            "size": [
                                1,
                                1,
                                2.00000048
                            ],
                            "uv": [
                                47,
                                10
                            ]
                        },
                        {
                            "origin": [
                                3.99988,
                                32,
                                -2.00003
                            ],
                            "size": [
                                4.0001173,
                                1,
                                3.000071
                            ],
                            "uv": [
                                50,
                                10
                            ]
                        },
                        {
                            "origin": [
                                6,
                                31,
                                -2
                            ],
                            "size": [
                                1,
                                1,
                                3
                            ],
                            "uv": [
                                38,
                                2
                            ]
                        },
                        {
                            "origin": [
                                4,
                                31,
                                -3
                            ],
                            "size": [
                                2,
                                3,
                                1
                            ],
                            "uv": [
                                58,
                                25
                            ]
                        },
                        {
                            "origin": [
                                3.99997,
                                31,
                                0.99993
                            ],
                            "size": [
                                2.00003242,
                                3,
                                2.000066
                            ],
                            "uv": [
                                32,
                                11
                            ]
                        },
                        {
                            "origin": [
                                4,
                                34,
                                -1.5
                            ],
                            "size": [
                                1,
                                1,
                                2
                            ],
                            "uv": [
                                54,
                                22
                            ]
                        },
                        {
                            "origin": [
                                4,
                                32,
                                -4
                            ],
                            "size": [
                                1,
                                2,
                                1
                            ],
                            "uv": [
                                54,
                                26
                            ]
                        },
                        {
                            "origin": [
                                4,
                                31,
                                -2
                            ],
                            "size": [
                                2,
                                1,
                                3
                            ],
                            "uv": [
                                54,
                                18
                            ]
                        },
                        {
                            "origin": [
                                5,
                                30,
                                -3
                            ],
                            "size": [
                                1,
                                1,
                                4
                            ],
                            "uv": [
                                37,
                                1
                            ]
                        },
                        {
                            "origin": [
                                4,
                                30,
                                -2
                            ],
                            "size": [
                                1,
                                1,
                                3
                            ],
                            "uv": [
                                38,
                                2
                            ]
                        },
                        {
                            "origin": [
                                4,
                                30.5,
                                -3.5
                            ],
                            "size": [
                                1,
                                1.5,
                                2
                            ],
                            "uv": [
                                58,
                                39
                            ]
                        },
                        {
                            "origin": [
                                4,
                                20.5,
                                -3.50025
                            ],
                            "size": [
                                1,
                                10,
                                2.00051212
                            ],
                            "uv": [
                                58,
                                40
                            ]
                        },
                        {
                            "origin": [
                                -5,
                                20.5,
                                -3.50014
                            ],
                            "size": [
                                1,
                                10,
                                2.00028038
                            ],
                            "uv": [
                                58,
                                40
                            ]
                        },
                        {
                            "origin": [
                                -6,
                                30,
                                -3
                            ],
                            "size": [
                                1,
                                1,
                                4
                            ],
                            "uv": [
                                37,
                                1
                            ]
                        },
                        {
                            "origin": [
                                -6,
                                31,
                                -3
                            ],
                            "size": [
                                2,
                                3,
                                1
                            ],
                            "uv": [
                                58,
                                25
                            ]
                        },
                        {
                            "origin": [
                                -7,
                                31,
                                -2
                            ],
                            "size": [
                                1,
                                1,
                                3
                            ],
                            "uv": [
                                38,
                                2
                            ]
                        },
                        {
                            "origin": [
                                -8,
                                32,
                                -2.00002
                            ],
                            "size": [
                                4,
                                1,
                                3.00003457
                            ],
                            "uv": [
                                50,
                                10
                            ]
                        },
                        {
                            "origin": [
                                -8,
                                33,
                                -2.00005
                            ],
                            "size": [
                                4,
                                1,
                                3.00009847
                            ],
                            "uv": [
                                50,
                                6
                            ]
                        },
                        {
                            "origin": [
                                -9,
                                33,
                                -1.5
                            ],
                            "size": [
                                1,
                                1,
                                2
                            ],
                            "uv": [
                                47,
                                10
                            ]
                        },
                        {
                            "origin": [
                                -9.00007,
                                34,
                                -1.50006
                            ],
                            "size": [
                                4.00007153,
                                1,
                                2.000127
                            ],
                            "uv": [
                                52,
                                3
                            ]
                        },
                        {
                            "origin": [
                                -9,
                                35,
                                -1.5
                            ],
                            "size": [
                                2,
                                1,
                                2.00000477
                            ],
                            "uv": [
                                32,
                                13
                            ]
                        },
                        {
                            "origin": [
                                -7,
                                35,
                                -1.5
                            ],
                            "size": [
                                1,
                                1,
                                2.00000668
                            ],
                            "uv": [
                                56,
                                3
                            ]
                        },
                        {
                            "origin": [
                                -5,
                                34,
                                -1.5
                            ],
                            "size": [
                                1,
                                1,
                                2
                            ],
                            "uv": [
                                54,
                                22
                            ]
                        },
                        {
                            "origin": [
                                -6,
                                31,
                                0.99996
                            ],
                            "size": [
                                2,
                                3,
                                2.000044
                            ],
                            "uv": [
                                32,
                                11
                            ]
                        },
                        {
                            "origin": [
                                -6,
                                31,
                                -2.00001
                            ],
                            "size": [
                                2,
                                1,
                                3.00002384
                            ],
                            "uv": [
                                54,
                                18
                            ]
                        },
                        {
                            "origin": [
                                -5,
                                32,
                                -4
                            ],
                            "size": [
                                1,
                                2,
                                1
                            ],
                            "uv": [
                                54,
                                26
                            ]
                        },
                        {
                            "origin": [
                                -4,
                                33,
                                -4
                            ],
                            "size": [
                                1,
                                1,
                                1
                            ],
                            "uv": [
                                53,
                                11
                            ]
                        },
                        {
                            "origin": [
                                -4.0012,
                                33,
                                -3.00032
                            ],
                            "size": [
                                8.0012,
                                1,
                                5.00043631
                            ],
                            "uv": [
                                24,
                                2
                            ]
                        },
                        {
                            "origin": [
                                3,
                                33,
                                -4
                            ],
                            "size": [
                                1,
                                1,
                                1
                            ],
                            "uv": [
                                53,
                                11
                            ]
                        },
                        {
                            "origin": [
                                -3.00006,
                                33,
                                1.99999
                            ],
                            "size": [
                                6.000213,
                                1,
                                2.000011
                            ],
                            "uv": [
                                32,
                                8
                            ]
                        },
                        {
                            "origin": [
                                3,
                                33,
                                2
                            ],
                            "size": [
                                1,
                                1,
                                2
                            ],
                            "uv": [
                                40,
                                12
                            ]
                        },
                        {
                            "origin": [
                                -4,
                                33,
                                2
                            ],
                            "size": [
                                1,
                                1,
                                2
                            ],
                            "uv": [
                                40,
                                12
                            ]
                        },
                        {
                            "origin": [
                                -1.00001,
                                32,
                                -4
                            ],
                            "size": [
                                2.00001478,
                                1,
                                1
                            ],
                            "uv": [
                                46,
                                5
                            ]
                        },
                        {
                            "origin": [
                                0.99999,
                                32,
                                -4
                            ],
                            "size": [
                                2.00001264,
                                1,
                                1
                            ],
                            "uv": [
                                29,
                                0
                            ]
                        },
                        {
                            "origin": [
                                -3.00001,
                                32,
                                -4
                            ],
                            "size": [
                                2.00001073,
                                1,
                                1
                            ],
                            "uv": [
                                29,
                                0
                            ]
                        },
                        {
                            "origin": [
                                -4.00001,
                                32,
                                3
                            ],
                            "size": [
                                3.000012,
                                1,
                                1
                            ],
                            "uv": [
                                16,
                                6
                            ]
                        },
                        {
                            "origin": [
                                -4,
                                32,
                                -4
                            ],
                            "size": [
                                1,
                                1,
                                1
                            ],
                            "uv": [
                                24,
                                1
                            ]
                        },
                        {
                            "origin": [
                                1,
                                32,
                                3
                            ],
                            "size": [
                                3.00001144,
                                1,
                                1
                            ],
                            "uv": [
                                16,
                                6
                            ]
                        },
                        {
                            "origin": [
                                -1.00001,
                                32,
                                3
                            ],
                            "size": [
                                2.00001073,
                                1,
                                1
                            ],
                            "uv": [
                                16,
                                6
                            ]
                        },
                        {
                            "origin": [
                                3,
                                32,
                                -4
                            ],
                            "size": [
                                1,
                                1,
                                1
                            ],
                            "uv": [
                                24,
                                1
                            ]
                        },
                        {
                            "origin": [
                                -1.5,
                                29,
                                6
                            ],
                            "size": [
                                3.00002861,
                                2.5,
                                1
                            ],
                            "uv": [
                                56,
                                30
                            ]
                        },
                        {
                            "origin": [
                                -2.00021,
                                28,
                                5
                            ],
                            "size": [
                                4.000436,
                                4,
                                1
                            ],
                            "uv": [
                                54,
                                34
                            ]
                        },
                        {
                            "origin": [
                                -1.5,
                                28,
                                6
                            ],
                            "size": [
                                3.00002766,
                                1,
                                1
                            ],
                            "uv": [
                                24,
                                13
                            ]
                        },
                        {
                            "origin": [
                                -2,
                                27,
                                5
                            ],
                            "size": [
                                4.0000205,
                                1,
                                1
                            ],
                            "uv": [
                                22,
                                14
                            ]
                        },
                        {
                            "origin": [
                                -1.00006,
                                29,
                                4
                            ],
                            "size": [
                                2.00012875,
                                2.5,
                                1
                            ],
                            "uv": [
                                46,
                                1
                            ]
                        },
                        {
                            "origin": [
                                -5,
                                30.5,
                                -3.5
                            ],
                            "size": [
                                1,
                                1.5,
                                2
                            ],
                            "uv": [
                                58,
                                39
                            ]
                        },
                        {
                            "origin": [
                                -5,
                                30,
                                -2
                            ],
                            "size": [
                                1,
                                1,
                                3
                            ],
                            "uv": [
                                38,
                                2
                            ]
                        }
                    ],
                    "mirror": true
                },
                {
                    "name": "leftArmArmor",
                    "parent": "leftArm",
                    "pivot": [
                        5,
                        22,
                        0
                    ],
                    "cubes": [
                        {
                            "origin": [
                                8,
                                20,
                                -2.00002
                            ],
                            "size": [
                                1,
                                4,
                                4.000035
                            ],
                            "uv": [
                                42,
                                54
                            ]
                        }
                    ],
                    "mirror": true
                },
                {
                    "name": "rightArmArmor",
                    "parent": "rightArm",
                    "pivot": [
                        -5,
                        22,
                        0
                    ],
                    "cubes": [
                        {
                            "origin": [
                                -9,
                                20,
                                -2
                            ],
                            "size": [
                                1,
                                4,
                                4.00004625
                            ],
                            "uv": [
                                42,
                                54
                            ]
                        }
                    ]
                },
                {
                    "name": "bodyArmor",
                    "parent": "body",
                    "pivot": [
                        0,
                        24,
                        0
                    ],
                    "cubes": [
                        {
                            "origin": [
                                1.5,
                                12.5,
                                -3
                            ],
                            "size": [
                                2,
                                2,
                                1
                            ],
                            "uv": [
                                30,
                                33
                            ]
                        },
                        {
                            "origin": [
                                -2.00003,
                                20,
                                3.99999
                            ],
                            "size": [
                                4.00007772,
                                2,
                                1.00002337
                            ],
                            "uv": [
                                42,
                                48
                            ]
                        },
                        {
                            "origin": [
                                -3.0e-5,
                                18,
                                3
                            ],
                            "size": [
                                3.00002885,
                                2,
                                1
                            ],
                            "uv": [
                                12,
                                17
                            ]
                        },
                        {
                            "origin": [
                                -4.0e-5,
                                20,
                                3
                            ],
                            "size": [
                                3.00003552,
                                2,
                                1
                            ],
                            "uv": [
                                0,
                                0
                            ]
                        },
                        {
                            "origin": [
                                -3,
                                20,
                                3
                            ],
                            "size": [
                                3.00003648,
                                2,
                                1
                            ],
                            "uv": [
                                0,
                                4
                            ]
                        },
                        {
                            "origin": [
                                -3,
                                18,
                                3
                            ],
                            "size": [
                                3.00003386,
                                2,
                                1
                            ],
                            "uv": [
                                36,
                                17
                            ]
                        },
                        {
                            "origin": [
                                0,
                                20,
                                2
                            ],
                            "size": [
                                3.00001264,
                                2,
                                1
                            ],
                            "uv": [
                                0,
                                0
                            ]
                        },
                        {
                            "origin": [
                                -3.00002,
                                20,
                                2
                            ],
                            "size": [
                                3.00001812,
                                2,
                                1
                            ],
                            "uv": [
                                0,
                                4
                            ]
                        },
                        {
                            "origin": [
                                -3.00003,
                                18,
                                2
                            ],
                            "size": [
                                3.00002527,
                                2,
                                1
                            ],
                            "uv": [
                                36,
                                17
                            ]
                        },
                        {
                            "origin": [
                                0,
                                18,
                                2
                            ],
                            "size": [
                                3.00002432,
                                2,
                                1
                            ],
                            "uv": [
                                12,
                                17
                            ]
                        },
                        {
                            "origin": [
                                -3.0e-5,
                                16,
                                3
                            ],
                            "size": [
                                3.00002766,
                                2,
                                1
                            ],
                            "uv": [
                                12,
                                33
                            ]
                        },
                        {
                            "origin": [
                                -3,
                                16,
                                3
                            ],
                            "size": [
                                3.00002718,
                                2,
                                1
                            ],
                            "uv": [
                                36,
                                33
                            ]
                        },
                        {
                            "origin": [
                                -3.00006,
                                16,
                                2
                            ],
                            "size": [
                                3.00009251,
                                2,
                                1
                            ],
                            "uv": [
                                36,
                                33
                            ]
                        },
                        {
                            "origin": [
                                0,
                                16,
                                2
                            ],
                            "size": [
                                3.00004053,
                                2,
                                1
                            ],
                            "uv": [
                                12,
                                17
                            ]
                        },
                        {
                            "origin": [
                                1,
                                14,
                                3
                            ],
                            "size": [
                                1,
                                2,
                                1
                            ],
                            "uv": [
                                29,
                                49
                            ]
                        },
                        {
                            "origin": [
                                -2,
                                14,
                                3
                            ],
                            "size": [
                                1,
                                2,
                                1
                            ],
                            "uv": [
                                29,
                                49
                            ]
                        },
                        {
                            "origin": [
                                -2,
                                14.5,
                                3.5
                            ],
                            "size": [
                                1,
                                0.5,
                                1
                            ],
                            "uv": [
                                54,
                                46
                            ]
                        },
                        {
                            "origin": [
                                1,
                                14.5,
                                3.5
                            ],
                            "size": [
                                1,
                                0.5,
                                1
                            ],
                            "uv": [
                                54,
                                46
                            ]
                        },
                        {
                            "origin": [
                                -1.00001,
                                12.5,
                                3.5
                            ],
                            "size": [
                                3.000015,
                                2,
                                1
                            ],
                            "uv": [
                                12,
                                33
                            ]
                        },
                        {
                            "origin": [
                                1.74998,
                                12.75,
                                3.25
                            ],
                            "size": [
                                1.25001645,
                                1,
                                1
                            ],
                            "uv": [
                                12,
                                48
                            ]
                        },
                        {
                            "origin": [
                                1.99999,
                                13.25,
                                2.5
                            ],
                            "size": [
                                1.500005,
                                1,
                                1
                            ],
                            "uv": [
                                15,
                                50
                            ]
                        },
                        {
                            "origin": [
                                -1.00003,
                                12.5,
                                2.5
                            ],
                            "size": [
                                3.00005937,
                                2,
                                1
                            ],
                            "uv": [
                                12,
                                33
                            ]
                        },
                        {
                            "origin": [
                                -3.00003,
                                12.5,
                                3.5
                            ],
                            "size": [
                                2.00006342,
                                2,
                                1
                            ],
                            "uv": [
                                14,
                                33
                            ]
                        },
                        {
                            "origin": [
                                -3,
                                12.5,
                                2.5
                            ],
                            "size": [
                                2.00000763,
                                2,
                                1
                            ],
                            "uv": [
                                14,
                                33
                            ]
                        }
                    ],
                    "mirror": true
                }
            ]
        }
    ]
}