{
    "format_version": "1.12.0",
    "minecraft:geometry": [
        {
            "description": {
                "identifier": "geometry.ChineseMythology.SouthernSymbolVermillionBird",
                "texture_width": 64,
                "texture_height": 64
            },
            "bones": [
                {
                    "name": "root",
                    "pivot": [
                        0,
                        0,
                        0
                    ]
                },
                {
                    "name": "body",
                    "parent": "waist",
                    "pivot": [
                        0,
                        24,
                        0
                    ],
                    "cubes": [
                        {
                            "origin": [
                                -4,
                                12,
                                -2
                            ],
                            "size": [
                                8,
                                12,
                                4
                            ],
                            "uv": [
                                16,
                                16
                            ]
                        }
                    ],
                    "mirror": true
                },
                {
                    "name": "waist",
                    "parent": "root",
                    "pivot": [
                        0,
                        12,
                        0
                    ],
                    "cubes": []
                },
                {
                    "name": "head",
                    "parent": "body",
                    "pivot": [
                        0,
                        24,
                        0
                    ],
                    "cubes": [
                        {
                            "origin": [
                                -4,
                                24,
                                -4
                            ],
                            "size": [
                                8,
                                8,
                                8
                            ],
                            "uv": [
                                0,
                                0
                            ]
                        },
                        {
                            "origin": [
                                -1,
                                24,
                                -7
                            ],
                            "size": [
                                2,
                                3,
                                3
                            ],
                            "uv": [
                                54,
                                18
                            ]
                        },
                        {
                            "origin": [
                                1,
                                25,
                                -6
                            ],
                            "size": [
                                1,
                                2,
                                2
                            ],
                            "uv": [
                                24,
                                0
                            ]
                        },
                        {
                            "origin": [
                                -2,
                                25,
                                -6
                            ],
                            "size": [
                                1,
                                2,
                                2
                            ],
                            "uv": [
                                24,
                                0
                            ]
                        }
                    ],
                    "mirror": true
                },
                {
                    "name": "cape",
                    "pivot": [
                        0,
                        24,
                        3
                    ],
                    "parent": "body"
                },
                {
                    "name": "hat",
                    "parent": "head",
                    "pivot": [
                        0,
                        24,
                        0
                    ],
                    "cubes": [
                        {
                            "origin": [
                                -4,
                                24,
                                -4
                            ],
                            "size": [
                                8,
                                8,
                                8
                            ],
                            "uv": [
                                32,
                                0
                            ],
                            "inflate": 0.5
                        }
                    ]
                },
                {
                    "name": "leftArm",
                    "parent": "body",
                    "pivot": [
                        5,
                        21.5,
                        0
                    ],
                    "cubes": [
                        {
                            "origin": [
                                4,
                                11.5,
                                -2
                            ],
                            "size": [
                                3,
                                12,
                                4
                            ],
                            "uv": [
                                40,
                                16
                            ]
                        }
                    ],
                    "mirror": true
                },
                {
                    "name": "leftSleeve",
                    "parent": "leftArm",
                    "pivot": [
                        5,
                        21.5,
                        0
                    ],
                    "cubes": [
                        {
                            "origin": [
                                4,
                                11.5,
                                -2
                            ],
                            "size": [
                                3,
                                12,
                                4
                            ],
                            "uv": [
                                40,
                                32
                            ],
                            "inflate": 0.25
                        }
                    ],
                    "mirror": true
                },
                {
                    "name": "leftItem",
                    "pivot": [
                        6,
                        14.5,
                        1
                    ],
                    "parent": "leftArm",
                    "cubes": []
                },
                {
                    "name": "rightArm",
                    "parent": "body",
                    "pivot": [
                        -5,
                        21.5,
                        0
                    ],
                    "cubes": [
                        {
                            "origin": [
                                -7,
                                11.5,
                                -2
                            ],
                            "size": [
                                3,
                                12,
                                4
                            ],
                            "uv": [
                                40,
                                16
                            ]
                        },
                        {
                            "origin": [
                                -6.1,
                                14.5,
                                2
                            ],
                            "size": [
                                1,
                                2,
                                1
                            ],
                            "uv": [
                                37,
                                17
                            ]
                        }
                    ],
                    "mirror": true
                },
                {
                    "name": "rightSleeve",
                    "parent": "rightArm",
                    "pivot": [
                        -5,
                        21.5,
                        0
                    ],
                    "cubes": [
                        {
                            "origin": [
                                -7,
                                11.5,
                                -2
                            ],
                            "size": [
                                3,
                                12,
                                4
                            ],
                            "uv": [
                                40,
                                32
                            ],
                            "inflate": 0.25
                        }
                    ]
                },
                {
                    "name": "rightItem",
                    "pivot": [
                        -6,
                        14.5,
                        1
                    ],
                    "locators": {
                        "lead_hold": [
                            -6,
                            15,
                            1
                        ]
                    },
                    "parent": "rightArm",
                    "cubes": []
                },
                {
                    "name": "leftLeg",
                    "parent": "root",
                    "pivot": [
                        1.9,
                        12,
                        0
                    ],
                    "cubes": [
                        {
                            "origin": [
                                -0.1,
                                0,
                                -2
                            ],
                            "size": [
                                4,
                                12,
                                4
                            ],
                            "uv": [
                                0,
                                16
                            ]
                        }
                    ],
                    "mirror": true
                },
                {
                    "name": "rightLeg",
                    "parent": "root",
                    "pivot": [
                        -1.9,
                        12,
                        0
                    ],
                    "cubes": [
                        {
                            "origin": [
                                -3.9,
                                0,
                                -2
                            ],
                            "size": [
                                4,
                                12,
                                4
                            ],
                            "uv": [
                                0,
                                16
                            ]
                        }
                    ]
                },
                {
                    "name": "jacket",
                    "parent": "body",
                    "pivot": [
                        0,
                        24,
                        0
                    ],
                    "cubes": [
                        {
                            "origin": [
                                -4,
                                12,
                                -2
                            ],
                            "size": [
                                8,
                                12,
                                4
                            ],
                            "uv": [
                                16,
                                32
                            ],
                            "inflate": 0.25
                        }
                    ]
                },
                {
                    "name": "leftLegging",
                    "parent": "leftLeg",
                    "pivot": [
                        1.9,
                        12,
                        0
                    ],
                    "cubes": [
                        {
                            "origin": [
                                3.9,
                                12,
                                -2
                            ],
                            "size": [
                                1,
                                5,
                                4
                            ],
                            "uv": [
                                0,
                                41
                            ]
                        }
                    ],
                    "mirror": true
                },
                {
                    "name": "leftSock",
                    "parent": "leftLeg",
                    "pivot": [
                        1.9,
                        12,
                        0
                    ],
                    "cubes": [
                        {
                            "origin": [
                                -0.1,
                                0,
                                2
                            ],
                            "size": [
                                3,
                                2,
                                2
                            ],
                            "uv": [
                                52,
                                30
                            ]
                        },
                        {
                            "origin": [
                                -0.1,
                                0,
                                4
                            ],
                            "size": [
                                2,
                                1,
                                1
                            ],
                            "uv": [
                                54,
                                26
                            ]
                        },
                        {
                            "origin": [
                                -0.1,
                                2,
                                2
                            ],
                            "size": [
                                2,
                                1,
                                1
                            ],
                            "uv": [
                                54,
                                28
                            ]
                        }
                    ],
                    "mirror": true
                },
                {
                    "name": "rightLegging",
                    "parent": "rightLeg",
                    "pivot": [
                        -1.9,
                        12,
                        0
                    ],
                    "cubes": [
                        {
                            "origin": [
                                -4.9,
                                12,
                                -2
                            ],
                            "size": [
                                1,
                                5,
                                4
                            ],
                            "uv": [
                                0,
                                41
                            ]
                        }
                    ]
                },
                {
                    "name": "rightSock",
                    "parent": "rightLeg",
                    "pivot": [
                        -1.9,
                        12,
                        0
                    ],
                    "cubes": [
                        {
                            "origin": [
                                -2.9,
                                0,
                                2
                            ],
                            "size": [
                                3,
                                2,
                                2
                            ],
                            "uv": [
                                52,
                                30
                            ]
                        },
                        {
                            "origin": [
                                -1.9,
                                0,
                                4
                            ],
                            "size": [
                                2,
                                1,
                                1
                            ],
                            "uv": [
                                54,
                                22
                            ]
                        },
                        {
                            "origin": [
                                -1.9,
                                2,
                                2
                            ],
                            "size": [
                                2,
                                1,
                                1
                            ],
                            "uv": [
                                54,
                                24
                            ]
                        }
                    ],
                    "mirror": true
                },
                {
                    "name": "leftPants",
                    "parent": "leftLeg",
                    "pivot": [
                        1.9,
                        12,
                        0
                    ],
                    "cubes": [
                        {
                            "origin": [
                                -0.1,
                                0,
                                -2
                            ],
                            "size": [
                                4,
                                12,
                                4
                            ],
                            "uv": [
                                0,
                                32
                            ],
                            "inflate": 0.25
                        }
                    ],
                    "mirror": true
                },
                {
                    "name": "rightPants",
                    "parent": "rightLeg",
                    "pivot": [
                        -1.9,
                        12,
                        0
                    ],
                    "cubes": [
                        {
                            "origin": [
                                -3.9,
                                0,
                                -2
                            ],
                            "size": [
                                4,
                                12,
                                4
                            ],
                            "uv": [
                                0,
                                32
                            ],
                            "inflate": 0.25
                        }
                    ]
                },
                {
                    "name": "helmet",
                    "parent": "head",
                    "pivot": [
                        0,
                        24,
                        0
                    ],
                    "cubes": [
                        {
                            "origin": [
                                1,
                                29,
                                -5
                            ],
                            "size": [
                                4,
                                2,
                                3
                            ],
                            "uv": [
                                7,
                                56
                            ]
                        },
                        {
                            "origin": [
                                -6,
                                30,
                                -4
                            ],
                            "size": [
                                1,
                                1,
                                5
                            ],
                            "uv": [
                                50,
                                27
                            ]
                        },
                        {
                            "origin": [
                                5,
                                30,
                                -4
                            ],
                            "size": [
                                1,
                                1,
                                5
                            ],
                            "uv": [
                                50,
                                27
                            ]
                        },
                        {
                            "origin": [
                                5,
                                28,
                                2
                            ],
                            "size": [
                                1,
                                4,
                                2
                            ],
                            "uv": [
                                28,
                                58
                            ]
                        },
                        {
                            "origin": [
                                -6,
                                28,
                                2
                            ],
                            "size": [
                                1,
                                4,
                                2
                            ],
                            "uv": [
                                28,
                                58
                            ]
                        },
                        {
                            "origin": [
                                5,
                                29,
                                1
                            ],
                            "size": [
                                1,
                                2,
                                1
                            ],
                            "uv": [
                                23,
                                52
                            ]
                        },
                        {
                            "origin": [
                                -6,
                                29,
                                1
                            ],
                            "size": [
                                1,
                                2,
                                1
                            ],
                            "uv": [
                                23,
                                52
                            ]
                        },
                        {
                            "origin": [
                                5,
                                29,
                                4
                            ],
                            "size": [
                                1,
                                2,
                                1
                            ],
                            "uv": [
                                23,
                                52
                            ]
                        },
                        {
                            "origin": [
                                -6,
                                29,
                                4
                            ],
                            "size": [
                                1,
                                2,
                                1
                            ],
                            "uv": [
                                23,
                                52
                            ]
                        },
                        {
                            "origin": [
                                -5,
                                29,
                                -5
                            ],
                            "size": [
                                4,
                                2,
                                3
                            ],
                            "uv": [
                                7,
                                56
                            ]
                        },
                        {
                            "origin": [
                                -3,
                                29,
                                4
                            ],
                            "size": [
                                3,
                                2,
                                3
                            ],
                            "uv": [
                                0,
                                48
                            ]
                        },
                        {
                            "origin": [
                                0,
                                29,
                                4
                            ],
                            "size": [
                                3,
                                2,
                                3
                            ],
                            "uv": [
                                0,
                                48
                            ]
                        },
                        {
                            "origin": [
                                0,
                                28,
                                4
                            ],
                            "size": [
                                2,
                                1,
                                2
                            ],
                            "uv": [
                                17,
                                53
                            ]
                        },
                        {
                            "origin": [
                                0,
                                31,
                                4
                            ],
                            "size": [
                                2,
                                1,
                                2
                            ],
                            "uv": [
                                9,
                                53
                            ]
                        },
                        {
                            "origin": [
                                -2,
                                28,
                                4
                            ],
                            "size": [
                                2,
                                1,
                                2
                            ],
                            "uv": [
                                17,
                                53
                            ]
                        },
                        {
                            "origin": [
                                -2,
                                31,
                                4
                            ],
                            "size": [
                                2,
                                1,
                                2
                            ],
                            "uv": [
                                9,
                                53
                            ]
                        },
                        {
                            "origin": [
                                -2,
                                30,
                                7
                            ],
                            "size": [
                                4,
                                1,
                                2
                            ],
                            "uv": [
                                9,
                                48
                            ]
                        },
                        {
                            "origin": [
                                -1,
                                27,
                                -6
                            ],
                            "size": [
                                2,
                                1,
                                2
                            ],
                            "uv": [
                                24,
                                5
                            ]
                        }
                    ],
                    "mirror": true
                },
                {
                    "name": "leftArmArmor",
                    "parent": "leftArm",
                    "pivot": [
                        5,
                        21.5,
                        0
                    ],
                    "cubes": [
                        {
                            "origin": [
                                5.1,
                                14.5,
                                2
                            ],
                            "size": [
                                1,
                                2,
                                1
                            ],
                            "uv": [
                                37,
                                17
                            ]
                        },
                        {
                            "origin": [
                                5.1,
                                11.5,
                                2
                            ],
                            "size": [
                                1,
                                2,
                                2
                            ],
                            "uv": [
                                36,
                                16
                            ]
                        }
                    ],
                    "mirror": true
                },
                {
                    "name": "rightArmArmor",
                    "parent": "rightArm",
                    "pivot": [
                        -5,
                        21.5,
                        0
                    ],
                    "cubes": [
                        {
                            "origin": [
                                -6,
                                11.5,
                                2
                            ],
                            "size": [
                                1,
                                2,
                                2
                            ],
                            "uv": [
                                36,
                                16
                            ]
                        }
                    ],
                    "mirror": true
                },
                {
                    "name": "bodyArmor",
                    "parent": "body",
                    "pivot": [
                        0,
                        24,
                        0
                    ],
                    "cubes": []
                },
                {
                    "name": "belt",
                    "parent": "body",
                    "pivot": [
                        0,
                        24,
                        0
                    ],
                    "cubes": [
                        {
                            "origin": [
                                3,
                                15,
                                6
                            ],
                            "size": [
                                2,
                                7,
                                1
                            ],
                            "uv": [
                                28,
                                48
                            ]
                        },
                        {
                            "origin": [
                                2,
                                19,
                                6
                            ],
                            "size": [
                                4,
                                2,
                                1
                            ],
                            "uv": [
                                6,
                                61
                            ]
                        },
                        {
                            "origin": [
                                -2,
                                21,
                                7
                            ],
                            "size": [
                                4,
                                2,
                                1
                            ],
                            "uv": [
                                6,
                                61
                            ]
                        },
                        {
                            "origin": [
                                -1,
                                17,
                                7
                            ],
                            "size": [
                                2,
                                7,
                                1
                            ],
                            "uv": [
                                28,
                                48
                            ]
                        },
                        {
                            "origin": [
                                -6,
                                19,
                                6
                            ],
                            "size": [
                                4,
                                2,
                                1
                            ],
                            "uv": [
                                6,
                                61
                            ]
                        },
                        {
                            "origin": [
                                -5,
                                15,
                                6
                            ],
                            "size": [
                                2,
                                7,
                                1
                            ],
                            "uv": [
                                28,
                                48
                            ]
                        },
                        {
                            "origin": [
                                -1,
                                15,
                                6
                            ],
                            "size": [
                                2,
                                2,
                                1
                            ],
                            "uv": [
                                21,
                                48
                            ]
                        },
                        {
                            "origin": [
                                0,
                                14,
                                4
                            ],
                            "size": [
                                4,
                                1,
                                2
                            ],
                            "uv": [
                                16,
                                61
                            ]
                        },
                        {
                            "origin": [
                                -4,
                                14,
                                4
                            ],
                            "size": [
                                4,
                                1,
                                2
                            ],
                            "uv": [
                                16,
                                61
                            ]
                        },
                        {
                            "origin": [
                                -1,
                                13,
                                2
                            ],
                            "size": [
                                2,
                                1,
                                2
                            ],
                            "uv": [
                                0,
                                0
                            ]
                        }
                    ],
                    "mirror": true
                }
            ]
        }
    ]
}