{
    "format_version": "1.12.0",
    "minecraft:geometry": [
        {
            "description": {
                "identifier": "geometry.BiomeSettlers03.OceanBrawler",
                "texture_width": 64,
                "texture_height": 64
            },
            "bones": [
                {
                    "name": "root",
                    "pivot": [
                        0,
                        0,
                        0
                    ]
                },
                {
                    "name": "body",
                    "parent": "waist",
                    "pivot": [
                        0,
                        24,
                        0
                    ],
                    "cubes": [
                        {
                            "origin": [
                                -4,
                                12,
                                -2
                            ],
                            "size": [
                                8,
                                12,
                                4
                            ],
                            "uv": [
                                16,
                                16
                            ]
                        }
                    ]
                },
                {
                    "name": "waist",
                    "parent": "root",
                    "pivot": [
                        0,
                        12,
                        0
                    ],
                    "cubes": []
                },
                {
                    "name": "head",
                    "parent": "body",
                    "pivot": [
                        0,
                        24,
                        0
                    ],
                    "cubes": [
                        {
                            "origin": [
                                -4,
                                24,
                                -4
                            ],
                            "size": [
                                8,
                                8,
                                8
                            ],
                            "uv": [
                                0,
                                0
                            ]
                        },
                        {
                            "origin": [
                                -2.00004,
                                23,
                                -4
                            ],
                            "size": [
                                4.00003624,
                                1,
                                1
                            ],
                            "uv": [
                                54,
                                33
                            ]
                        },
                        {
                            "origin": [
                                -2.00003,
                                23,
                                2.99998
                            ],
                            "size": [
                                4.00003052,
                                1,
                                1.000042
                            ],
                            "uv": [
                                30,
                                1
                            ]
                        }
                    ]
                },
                {
                    "name": "cape",
                    "pivot": [
                        0,
                        24,
                        3
                    ],
                    "parent": "body"
                },
                {
                    "name": "hat",
                    "parent": "head",
                    "pivot": [
                        0,
                        24,
                        0
                    ],
                    "cubes": [
                        {
                            "origin": [
                                -4,
                                24,
                                -4
                            ],
                            "size": [
                                8,
                                8,
                                8
                            ],
                            "uv": [
                                32,
                                0
                            ],
                            "inflate": 0.5
                        }
                    ]
                },
                {
                    "name": "leftArm",
                    "parent": "body",
                    "pivot": [
                        5.001448,
                        22,
                        0
                    ],
                    "cubes": [
                        {
                            "origin": [
                                4,
                                12,
                                -2
                            ],
                            "size": [
                                4,
                                12,
                                4
                            ],
                            "uv": [
                                32,
                                48
                            ]
                        },
                        {
                            "origin": [
                                6,
                                14,
                                -3
                            ],
                            "size": [
                                2,
                                1,
                                1
                            ],
                            "uv": [
                                1,
                                53
                            ]
                        },
                        {
                            "origin": [
                                8,
                                11,
                                -3.00003
                            ],
                            "size": [
                                1,
                                4,
                                6.000068
                            ],
                            "uv": [
                                16,
                                54
                            ]
                        },
                        {
                            "origin": [
                                7,
                                11,
                                -3
                            ],
                            "size": [
                                1,
                                3,
                                1
                            ],
                            "uv": [
                                0,
                                48
                            ]
                        },
                        {
                            "origin": [
                                6,
                                14,
                                2
                            ],
                            "size": [
                                2,
                                1,
                                1
                            ],
                            "uv": [
                                1,
                                53
                            ]
                        },
                        {
                            "origin": [
                                7,
                                11,
                                2
                            ],
                            "size": [
                                1,
                                3,
                                1
                            ],
                            "uv": [
                                0,
                                48
                            ]
                        },
                        {
                            "origin": [
                                5,
                                11,
                                -3
                            ],
                            "size": [
                                2.00006962,
                                2,
                                1
                            ],
                            "uv": [
                                9,
                                49
                            ]
                        },
                        {
                            "origin": [
                                5,
                                11,
                                2
                            ],
                            "size": [
                                2.000126,
                                2,
                                1
                            ],
                            "uv": [
                                9,
                                49
                            ]
                        },
                        {
                            "origin": [
                                4.99987,
                                11,
                                -2.00002
                            ],
                            "size": [
                                3.00013065,
                                1,
                                4.000046
                            ],
                            "uv": [
                                1,
                                59
                            ]
                        }
                    ],
                    "mirror": true
                },
                {
                    "name": "leftSleeve",
                    "parent": "leftArm",
                    "pivot": [
                        5.001448,
                        22,
                        0
                    ],
                    "cubes": [
                        {
                            "origin": [
                                4,
                                12,
                                -2
                            ],
                            "size": [
                                4,
                                12,
                                4
                            ],
                            "uv": [
                                48,
                                48
                            ],
                            "inflate": 0.25
                        }
                    ],
                    "mirror": true
                },
                {
                    "name": "leftItem",
                    "pivot": [
                        6,
                        15,
                        1
                    ],
                    "parent": "leftArm",
                    "cubes": []
                },
                {
                    "name": "rightArm",
                    "parent": "body",
                    "pivot": [
                        -5,
                        22,
                        0
                    ],
                    "cubes": [
                        {
                            "origin": [
                                -8,
                                12,
                                -2
                            ],
                            "size": [
                                4,
                                12,
                                4
                            ],
                            "uv": [
                                40,
                                16
                            ]
                        },
                        {
                            "origin": [
                                -9,
                                11,
                                -3
                            ],
                            "size": [
                                1,
                                4,
                                6.00002861
                            ],
                            "uv": [
                                1,
                                49
                            ]
                        },
                        {
                            "origin": [
                                -8,
                                14,
                                2
                            ],
                            "size": [
                                2,
                                1,
                                1
                            ],
                            "uv": [
                                1,
                                53
                            ]
                        },
                        {
                            "origin": [
                                -8,
                                14,
                                -3
                            ],
                            "size": [
                                2,
                                1,
                                1
                            ],
                            "uv": [
                                1,
                                53
                            ]
                        },
                        {
                            "origin": [
                                -8,
                                11,
                                -3
                            ],
                            "size": [
                                1,
                                3,
                                1
                            ],
                            "uv": [
                                0,
                                48
                            ]
                        },
                        {
                            "origin": [
                                -8,
                                11,
                                2
                            ],
                            "size": [
                                1,
                                3,
                                1
                            ],
                            "uv": [
                                0,
                                48
                            ]
                        },
                        {
                            "origin": [
                                -7,
                                11,
                                -3
                            ],
                            "size": [
                                2,
                                2,
                                1
                            ],
                            "uv": [
                                9,
                                49
                            ]
                        },
                        {
                            "origin": [
                                -7,
                                11,
                                2
                            ],
                            "size": [
                                2,
                                2,
                                1
                            ],
                            "uv": [
                                9,
                                49
                            ]
                        },
                        {
                            "origin": [
                                -8,
                                11,
                                -2
                            ],
                            "size": [
                                3,
                                1,
                                4.000037
                            ],
                            "uv": [
                                1,
                                59
                            ]
                        }
                    ]
                },
                {
                    "name": "rightSleeve",
                    "parent": "rightArm",
                    "pivot": [
                        -5,
                        22,
                        0
                    ],
                    "cubes": [
                        {
                            "origin": [
                                -8,
                                12,
                                -2
                            ],
                            "size": [
                                4,
                                12,
                                4
                            ],
                            "uv": [
                                40,
                                32
                            ],
                            "inflate": 0.25
                        }
                    ]
                },
                {
                    "name": "rightItem",
                    "pivot": [
                        -6,
                        15,
                        1
                    ],
                    "locators": {
                        "lead_hold": [
                            -6,
                            15,
                            1
                        ]
                    },
                    "parent": "rightArm",
                    "cubes": []
                },
                {
                    "name": "leftLeg",
                    "parent": "root",
                    "pivot": [
                        1.9,
                        12,
                        0
                    ],
                    "cubes": [
                        {
                            "origin": [
                                0,
                                0,
                                -2
                            ],
                            "size": [
                                4,
                                12,
                                4
                            ],
                            "uv": [
                                0,
                                16
                            ]
                        }
                    ],
                    "mirror": true
                },
                {
                    "name": "rightLeg",
                    "parent": "root",
                    "pivot": [
                        -1.90055,
                        12,
                        0
                    ],
                    "cubes": [
                        {
                            "origin": [
                                -4,
                                0,
                                -2
                            ],
                            "size": [
                                4,
                                12,
                                4
                            ],
                            "uv": [
                                0,
                                16
                            ]
                        }
                    ]
                },
                {
                    "name": "jacket",
                    "parent": "body",
                    "pivot": [
                        0,
                        24,
                        0
                    ],
                    "cubes": [
                        {
                            "origin": [
                                -4,
                                12,
                                -2
                            ],
                            "size": [
                                8,
                                12,
                                4
                            ],
                            "uv": [
                                16,
                                32
                            ],
                            "inflate": 0.25
                        }
                    ]
                },
                {
                    "name": "helmet",
                    "parent": "head",
                    "pivot": [
                        0,
                        24,
                        0
                    ],
                    "cubes": [
                        {
                            "origin": [
                                4,
                                24,
                                -2
                            ],
                            "size": [
                                1,
                                2,
                                4
                            ],
                            "uv": [
                                22,
                                48
                            ]
                        },
                        {
                            "origin": [
                                -5,
                                24,
                                -2
                            ],
                            "size": [
                                1,
                                2,
                                4
                            ],
                            "uv": [
                                24,
                                2
                            ]
                        },
                        {
                            "origin": [
                                -5,
                                27,
                                -1.00001
                            ],
                            "size": [
                                1,
                                2,
                                2.00001526
                            ],
                            "uv": [
                                0,
                                4
                            ]
                        },
                        {
                            "origin": [
                                4,
                                27,
                                -1
                            ],
                            "size": [
                                1,
                                2,
                                2.00000834
                            ],
                            "uv": [
                                0,
                                0
                            ]
                        },
                        {
                            "origin": [
                                -7,
                                24,
                                -2
                            ],
                            "size": [
                                2,
                                1,
                                4
                            ],
                            "uv": [
                                52,
                                28
                            ]
                        },
                        {
                            "origin": [
                                5,
                                24,
                                -2
                            ],
                            "size": [
                                2,
                                1,
                                4
                            ],
                            "uv": [
                                52,
                                28
                            ]
                        },
                        {
                            "origin": [
                                -2.00007,
                                22,
                                -3
                            ],
                            "size": [
                                4.00006962,
                                2,
                                1
                            ],
                            "uv": [
                                52,
                                17
                            ]
                        },
                        {
                            "origin": [
                                -2.00005,
                                22,
                                2
                            ],
                            "size": [
                                4.000148,
                                2,
                                1
                            ],
                            "uv": [
                                52,
                                17
                            ]
                        },
                        {
                            "origin": [
                                -3,
                                23,
                                -3
                            ],
                            "size": [
                                1,
                                1,
                                1
                            ],
                            "uv": [
                                56,
                                24
                            ]
                        },
                        {
                            "origin": [
                                2,
                                23,
                                -3
                            ],
                            "size": [
                                1,
                                1,
                                1
                            ],
                            "uv": [
                                56,
                                24
                            ]
                        },
                        {
                            "origin": [
                                2,
                                23,
                                2
                            ],
                            "size": [
                                1,
                                1,
                                1
                            ],
                            "uv": [
                                56,
                                26
                            ]
                        },
                        {
                            "origin": [
                                -3,
                                23,
                                2
                            ],
                            "size": [
                                1,
                                1,
                                1
                            ],
                            "uv": [
                                56,
                                26
                            ]
                        }
                    ]
                },
                {
                    "name": "leftArmArmor",
                    "parent": "leftArm",
                    "pivot": [
                        5.001448,
                        22,
                        0
                    ],
                    "cubes": [
                        {
                            "origin": [
                                8,
                                21,
                                -1.00005
                            ],
                            "size": [
                                1,
                                2,
                                2.000049
                            ],
                            "uv": [
                                34,
                                4
                            ]
                        }
                    ]
                },
                {
                    "name": "rightArmArmor",
                    "parent": "rightArm",
                    "pivot": [
                        -5,
                        22,
                        0
                    ],
                    "cubes": []
                },
                {
                    "name": "leftPants",
                    "parent": "leftLeg",
                    "pivot": [
                        1.9,
                        12,
                        0
                    ],
                    "cubes": [
                        {
                            "origin": [
                                0,
                                0,
                                -2
                            ],
                            "size": [
                                4,
                                12,
                                4
                            ],
                            "uv": [
                                0,
                                32
                            ],
                            "inflate": 0.25
                        }
                    ],
                    "mirror": true
                },
                {
                    "name": "rightPants",
                    "parent": "rightLeg",
                    "pivot": [
                        -1.90055,
                        12,
                        0
                    ],
                    "cubes": [
                        {
                            "origin": [
                                -4,
                                0,
                                -2
                            ],
                            "size": [
                                4,
                                12,
                                4
                            ],
                            "uv": [
                                0,
                                32
                            ],
                            "inflate": 0.25
                        }
                    ]
                }
            ]
        }
    ]
}